GROUP,PACKAGE,CLASS,INSTRUCTION_MISSED,INSTRUCTION_COVERED,BRANCH_MISSED,BRANCH_COVERED,LINE_MISSED,LINE_COVERED,COMPLEXITY_MISSED,COMPLEXITY_COVERED,METHOD_MISSED,METHOD_COVERED
pinot-minion/pinot-core,com.linkedin.pinot.core.plan.maker,InstancePlanMakerImplV2,57,270,15,41,10,60,10,28,1,9
pinot-minion/pinot-core,com.linkedin.pinot.core.plan.maker,BrokerRequestPreProcessor,35,77,3,11,4,22,4,6,1,2
pinot-minion/pinot-core,com.linkedin.pinot.core.common.datatable,DataTableImplV2.new Object() {...},68,0,0,0,1,0,1,0,1,0
pinot-minion/pinot-core,com.linkedin.pinot.core.common.datatable,DataTableImplV2,177,1160,25,63,33,259,22,59,1,32
pinot-minion/pinot-core,com.linkedin.pinot.core.common.datatable,DataTableBuilder.new Object() {...},26,0,0,0,1,0,1,0,1,0
pinot-minion/pinot-core,com.linkedin.pinot.core.common.datatable,DataTableUtils.new Object() {...},9,59,0,0,0,1,0,1,0,1
pinot-minion/pinot-core,com.linkedin.pinot.core.common.datatable,DataTableBuilder,286,698,16,26,57,122,11,35,2,22
pinot-minion/pinot-core,com.linkedin.pinot.core.common.datatable,ObjectCustomSerDe.new Object() {...},10,65,0,0,0,1,0,1,0,1
pinot-minion/pinot-core,com.linkedin.pinot.core.common.datatable,ObjectCustomSerDe,67,531,7,71,9,141,8,61,1,20
pinot-minion/pinot-core,com.linkedin.pinot.core.common.datatable,DataTableFactory,15,13,1,1,3,4,2,1,1,1
pinot-minion/pinot-core,com.linkedin.pinot.core.common.datatable,ObjectType,17,166,1,3,1,22,2,6,1,5
pinot-minion/pinot-core,com.linkedin.pinot.core.common.datatable,DataTableUtils,9,56,3,15,2,27,4,12,1,2
pinot-minion/pinot-core,com.linkedin.pinot.core.operator.blocks,IntermediateResultsBlock.new Object() {...},3,23,0,0,0,1,0,1,0,1
pinot-minion/pinot-core,com.linkedin.pinot.core.operator.blocks,BitmapBlock,0,27,0,0,0,7,0,2,0,2
pinot-minion/pinot-core,com.linkedin.pinot.core.operator.blocks,EmptyFilterBlock,12,0,0,0,5,0,4,0,4,0
pinot-minion/pinot-core,com.linkedin.pinot.core.operator.blocks,InstanceResponseBlock,27,18,0,0,7,7,4,3,4,3
pinot-minion/pinot-core,com.linkedin.pinot.core.operator.blocks,DocIdSetBlock,12,23,0,0,3,7,3,4,3,4
pinot-minion/pinot-core,com.linkedin.pinot.core.operator.blocks,MultiValueBlock,8,27,0,0,2,6,2,3,2,3
pinot-minion/pinot-core,com.linkedin.pinot.core.operator.blocks,ProjectionBlock,16,47,0,0,4,11,4,6,4,6
pinot-minion/pinot-core,com.linkedin.pinot.core.operator.blocks,OrBlock,12,16,0,0,3,5,3,2,3,2
pinot-minion/pinot-core,com.linkedin.pinot.core.operator.blocks,MatchEntireSegmentDocIdSetBlock,0,16,0,0,0,5,0,2,0,2
pinot-minion/pinot-core,com.linkedin.pinot.core.operator.blocks,BaseFilterBlock,12,6,0,0,3,2,3,2,3,2
pinot-minion/pinot-core,com.linkedin.pinot.core.operator.blocks,AndBlock,12,16,0,0,3,5,3,2,3,2
pinot-minion/pinot-core,com.linkedin.pinot.core.operator.blocks,TransformBlock,16,66,0,8,4,10,4,9,4,5
pinot-minion/pinot-core,com.linkedin.pinot.core.operator.blocks,IntermediateResultsBlock,137,288,14,16,32,73,22,25,13,18
pinot-minion/pinot-core,com.linkedin.pinot.core.operator.blocks,BlockMetadataImpl,0,47,0,2,0,15,0,10,0,9
pinot-minion/pinot-core,com.linkedin.pinot.core.operator.blocks,SingleValueBlock,8,33,0,0,2,8,2,4,2,4
pinot-minion/pinot-core,com.linkedin.pinot.core.realtime,SegmentMetadataChangeContext,3,0,0,0,1,0,1,0,1,0
pinot-minion/pinot-core,com.linkedin.pinot.core.realtime,StreamProviderFactory,20,0,0,0,9,0,5,0,5,0
pinot-minion/pinot-core,com.linkedin.pinot.core.query.aggregation.groupby.utils,BaseValueToIdMap,40,3,0,0,10,1,10,1,10,1
pinot-minion/pinot-core,com.linkedin.pinot.core.query.aggregation.groupby.utils,ValueToIdMapFactory,15,25,1,5,3,6,2,5,1,1
pinot-minion/pinot-core,com.linkedin.pinot.core.query.aggregation.groupby.utils,DoubleToIdMap,24,62,8,4,2,14,7,4,1,4
pinot-minion/pinot-core,com.linkedin.pinot.core.query.aggregation.groupby.utils,FloatToIdMap,24,62,8,4,2,14,7,4,1,4
pinot-minion/pinot-core,com.linkedin.pinot.core.query.aggregation.groupby.utils,IntToIdMap,24,62,8,4,2,14,7,4,1,4
pinot-minion/pinot-core,com.linkedin.pinot.core.query.aggregation.groupby.utils,StringToIdMap,6,61,4,4,0,14,4,4,0,4
pinot-minion/pinot-core,com.linkedin.pinot.core.query.aggregation.groupby.utils,LongToIdMap,24,62,8,4,2,14,7,4,1,4
pinot-minion/pinot-core,com.linkedin.pinot.core.query.aggregation.groupby.utils,ValueToIdMapFactory.new Object() {...},5,35,0,0,0,1,0,1,0,1
pinot-minion/pinot-core,com.linkedin.pinot.core.io.reader.impl.v1,SortedIndexReader,1,236,1,23,0,49,1,19,0,8
pinot-minion/pinot-core,com.linkedin.pinot.core.io.reader.impl.v1,FixedBitMultiValueReader.Context,0,9,0,0,0,3,0,1,0,1
pinot-minion/pinot-core,com.linkedin.pinot.core.io.reader.impl.v1,FixedByteChunkSingleValueReader,38,144,13,13,4,28,13,11,0,11
pinot-minion/pinot-core,com.linkedin.pinot.core.io.reader.impl.v1,SortedIndexReader.Context,0,12,0,0,0,4,0,1,0,1
pinot-minion/pinot-core,com.linkedin.pinot.core.io.reader.impl.v1,VarByteChunkSingleValueReader.new ThreadLocal() {...},0,11,0,0,0,2,0,2,0,2
pinot-minion/pinot-core,com.linkedin.pinot.core.io.reader.impl.v1,FixedBitMultiValueReader,0,272,0,14,0,52,0,12,0,5
pinot-minion/pinot-core,com.linkedin.pinot.core.io.reader.impl.v1,BaseChunkSingleValueReader,10,197,0,8,3,48,0,11,0,7
pinot-minion/pinot-core,com.linkedin.pinot.core.io.reader.impl.v1,VarByteChunkSingleValueReader,0,100,0,4,0,20,0,6,0,4
pinot-minion/pinot-core,com.linkedin.pinot.core.io.reader.impl.v1,FixedBitSingleValueReader,0,48,0,2,0,12,0,7,0,6
pinot-minion/pinot-core,com.linkedin.pinot.core.query.executor,ServerQueryExecutorV1Impl,183,306,28,14,36,78,23,9,4,7
pinot-minion/pinot-core,com.linkedin.pinot.core.segment.creator.impl.fwd,SingleValueUnsortedForwardIndexCreator,2,69,1,3,1,17,1,5,0,4
pinot-minion/pinot-core,com.linkedin.pinot.core.segment.creator.impl.fwd,MultiValueUnsortedForwardIndexCreator,0,59,0,0,0,14,0,3,0,3
pinot-minion/pinot-core,com.linkedin.pinot.core.segment.creator.impl.fwd,SingleValueFixedByteRawIndexCreator,14,95,1,7,1,23,1,10,0,7
pinot-minion/pinot-core,com.linkedin.pinot.core.segment.creator.impl.fwd,SingleValueSortedForwardIndexCreator,0,135,1,9,0,25,1,9,0,5
pinot-minion/pinot-core,com.linkedin.pinot.core.segment.creator.impl.fwd,SingleValueVarByteRawIndexCreator,31,41,3,1,5,9,3,3,1,3
pinot-minion/pinot-core,com.linkedin.pinot.core.operator.docvaliterators,MultiValueIterator,4,44,0,2,2,10,1,5,1,4
pinot-minion/pinot-core,com.linkedin.pinot.core.operator.docvaliterators,SingleValueIterator,13,86,0,2,1,15,1,9,1,8
pinot-minion/pinot-core,com.linkedin.pinot.core.segment.store,SegmentLocalFSDirectory.Reader,0,42,0,0,0,9,0,8,0,8
pinot-minion/pinot-core,com.linkedin.pinot.core.segment.store,ColumnIndexDirectory,7,71,0,0,1,12,1,3,1,3
pinot-minion/pinot-core,com.linkedin.pinot.core.segment.store,SegmentDirectoryPaths.new Object() {...},3,23,0,0,0,1,0,1,0,1
pinot-minion/pinot-core,com.linkedin.pinot.core.segment.store,FilePerIndexDirectory.new Object() {...},3,23,0,0,0,1,0,1,0,1
pinot-minion/pinot-core,com.linkedin.pinot.core.segment.store,IndexKey,7,68,5,5,3,14,5,5,0,5
pinot-minion/pinot-core,com.linkedin.pinot.core.segment.store,SegmentDirectory.Writer,8,12,0,0,4,4,2,2,2,2
pinot-minion/pinot-core,com.linkedin.pinot.core.segment.store,SegmentDirectoryPaths,28,80,1,8,5,19,4,9,3,5
pinot-minion/pinot-core,com.linkedin.pinot.core.segment.store,SegmentDirectory,0,19,0,0,0,5,0,4,0,4
pinot-minion/pinot-core,com.linkedin.pinot.core.segment.store,IndexEntry,24,16,0,0,1,6,1,2,1,2
pinot-minion/pinot-core,com.linkedin.pinot.core.segment.store,FilePerIndexDirectory,28,313,5,11,3,56,5,21,0,17
pinot-minion/pinot-core,com.linkedin.pinot.core.segment.store,ColumnIndexType,17,75,1,3,1,11,2,6,1,5
pinot-minion/pinot-core,com.linkedin.pinot.core.segment.store,SingleFileIndexDirectory,123,764,15,37,8,128,14,36,1,23
pinot-minion/pinot-core,com.linkedin.pinot.core.segment.store,SegmentDirectory.Reader,0,6,0,0,0,1,0,1,0,1
pinot-minion/pinot-core,com.linkedin.pinot.core.segment.store,SegmentLocalFSDirectory.Writer,77,97,1,5,15,19,9,12,8,9
pinot-minion/pinot-core,com.linkedin.pinot.core.segment.store,SegmentLocalFSDirectory,168,302,18,29,33,79,15,30,2,18
pinot-minion/pinot-core,com.linkedin.pinot.core.segment.store,SegmentLocalFSDirectory.SegmentLock,0,64,0,10,0,18,0,10,0,5
pinot-minion/pinot-core,com.linkedin.pinot.core.segment.store,SegmentLocalFSDirectory.new Object() {...},6,45,0,0,0,2,0,1,0,1
pinot-minion/pinot-core,com.linkedin.pinot.core.operator.transform.function,DateTimeConversionTransform,16,99,5,6,4,21,6,4,2,2
pinot-minion/pinot-core,com.linkedin.pinot.core.operator.transform.function,TransformFunctionFactory,43,66,2,4,16,18,3,4,1,3
pinot-minion/pinot-core,com.linkedin.pinot.core.operator.transform.function,SubtractionTransform,6,55,4,4,0,11,3,5,0,4
pinot-minion/pinot-core,com.linkedin.pinot.core.operator.transform.function,AdditionTransform,5,55,3,5,0,10,2,6,0,4
pinot-minion/pinot-core,com.linkedin.pinot.core.operator.transform.function,TimeConversionTransform,23,84,7,5,2,16,6,5,0,5
pinot-minion/pinot-core,com.linkedin.pinot.core.operator.transform.function,DivisionTransform,6,55,4,4,0,11,3,5,0,4
pinot-minion/pinot-core,com.linkedin.pinot.core.operator.transform.function,MultiplicationTransform,5,59,3,5,0,11,2,6,0,4
pinot-minion/pinot-core,com.linkedin.pinot.core.operator.transform.function,DateTimeConversionTransform.new Object() {...},3,23,0,0,0,1,0,1,0,1
pinot-minion/pinot-core,com.linkedin.pinot.core.realtime.impl.kafka,KafkaAvroMessageDecoder,395,0,28,0,67,0,23,0,9,0
pinot-minion/pinot-core,com.linkedin.pinot.core.realtime.impl.kafka,AvroRecordToPinotRowGenerator,8,59,2,4,1,14,2,3,0,2
pinot-minion/pinot-core,com.linkedin.pinot.core.realtime.impl.kafka,KafkaConsumerManager,233,0,6,0,50,0,8,0,5,0
pinot-minion/pinot-core,com.linkedin.pinot.core.realtime.impl.kafka,KafkaJSONMessageDecoder.new Object() {...},47,0,0,0,1,0,1,0,1,0
pinot-minion/pinot-core,com.linkedin.pinot.core.realtime.impl.kafka,KafkaAvroMessageDecoder.SchemaFetcher,114,0,10,0,20,0,8,0,3,0
pinot-minion/pinot-core,com.linkedin.pinot.core.realtime.impl.kafka,SimpleConsumerWrapper,368,292,57,18,72,67,37,12,3,8
pinot-minion/pinot-core,com.linkedin.pinot.core.realtime.impl.kafka,KafkaConsumerManager.new Thread() {...},117,0,6,0,24,0,5,0,2,0
pinot-minion/pinot-core,com.linkedin.pinot.core.realtime.impl.kafka,KafkaJSONMessageDecoder,224,0,22,0,48,0,20,0,7,0
pinot-minion/pinot-core,com.linkedin.pinot.core.realtime.impl.kafka,SimpleConsumerWrapper.ConnectedToBootstrapNode,1,23,1,1,0,7,1,3,0,3
pinot-minion/pinot-core,com.linkedin.pinot.core.realtime.impl.kafka,SimpleConsumerWrapper.ConnectingToPartitionLeader,56,46,4,2,14,7,4,2,1,2
pinot-minion/pinot-core,com.linkedin.pinot.core.realtime.impl.kafka,ConsumerAndIterator,50,0,0,0,10,0,6,0,6,0
pinot-minion/pinot-core,com.linkedin.pinot.core.realtime.impl.kafka,KafkaHighLevelStreamProviderConfig,416,159,57,3,68,38,45,5,15,5
pinot-minion/pinot-core,com.linkedin.pinot.core.realtime.impl.kafka,SimpleConsumerWrapper.FetchingLeaderInformation,21,80,3,3,9,16,4,2,1,2
pinot-minion/pinot-core,com.linkedin.pinot.core.realtime.impl.kafka,SimpleConsumerMessageBatch,47,14,1,1,7,4,6,1,5,1
pinot-minion/pinot-core,com.linkedin.pinot.core.realtime.impl.kafka,SimpleConsumerWrapper.TransientConsumerException,5,0,0,0,2,0,1,0,1,0
pinot-minion/pinot-core,com.linkedin.pinot.core.realtime.impl.kafka,PinotKafkaConsumerFactory,3,17,0,0,2,6,0,3,0,3
pinot-minion/pinot-core,com.linkedin.pinot.core.realtime.impl.kafka,SimpleConsumerWrapper.ConnectedToPartitionLeader,3,8,0,0,2,3,2,1,2,1
pinot-minion/pinot-core,com.linkedin.pinot.core.realtime.impl.kafka,SimpleConsumerFactory,14,20,0,0,2,3,1,2,1,2
pinot-minion/pinot-core,com.linkedin.pinot.core.realtime.impl.kafka,SimpleConsumerWrapper.PermanentConsumerException,0,5,0,0,0,2,0,1,0,1
pinot-minion/pinot-core,com.linkedin.pinot.core.realtime.impl.kafka,SimpleConsumerWrapper.ConnectingToBootstrapNode,14,80,1,1,6,13,1,3,0,3
pinot-minion/pinot-core,com.linkedin.pinot.core.realtime.impl.kafka,KafkaHighLevelConsumerStreamProvider,276,0,10,0,51,0,16,0,11,0
pinot-minion/pinot-core,com.linkedin.pinot.core.realtime.impl.kafka,SimpleConsumerWrapper.ConsumerState,9,59,0,0,0,6,2,2,2,2
pinot-minion/pinot-core,com.linkedin.pinot.core.realtime.impl.kafka,SimpleConsumerWrapper.State,20,12,0,0,4,4,1,2,1,2
pinot-minion/pinot-core,com.linkedin.pinot.core.realtime.impl.kafka,KafkaSimpleConsumerFactoryImpl,9,3,0,0,1,1,1,1,1,1
pinot-minion/pinot-core,com.linkedin.pinot.core.realtime.impl.kafka,KafkaAvroMessageDecoder.MD5AvroSchemaMap,52,0,4,0,11,0,5,0,3,0
pinot-minion/pinot-core,com.linkedin.pinot.core.realtime.impl.kafka,SimpleConsumerWrapper.new Predicate() {...},39,12,10,0,6,1,6,1,1,1
pinot-minion/pinot-core,com.linkedin.pinot.core.realtime.impl.kafka,SimpleConsumerWrapper.new Object() {...},229,0,0,0,1,0,1,0,1,0
pinot-minion/pinot-core,com.linkedin.pinot.core.realtime.impl.kafka,KafkaLowLevelStreamProviderConfig,59,35,9,3,12,9,8,3,2,3
pinot-minion/pinot-core,com.linkedin.pinot.core.realtime.impl.kafka,KafkaBrokerWrapper,31,49,2,2,7,10,3,4,1,4
pinot-minion/pinot-core,com.linkedin.pinot.core.operator.transform,DefaultExpressionEvaluator.new Object() {...},3,23,0,0,0,1,0,1,0,1
pinot-minion/pinot-core,com.linkedin.pinot.core.operator.transform,DefaultExpressionEvaluator,12,110,2,10,1,23,2,9,0,4
pinot-minion/pinot-core,com.linkedin.pinot.core.operator.transform,TransformExpressionOperator,3,54,1,7,1,12,2,7,1,4
pinot-minion/pinot-core,com.linkedin.pinot.core.operator.transform,TransformUtils,39,0,0,0,4,0,3,0,3,0
pinot-minion/pinot-core,com.linkedin.pinot.core.operator.docvalsets,ProjectionBlockValSet,22,90,0,0,5,19,4,12,4,12
pinot-minion/pinot-core,com.linkedin.pinot.core.operator.docvalsets,TransformBlockValSet,62,105,7,3,15,24,7,6,2,6
pinot-minion/pinot-core,com.linkedin.pinot.core.operator.docvalsets,SingleValueSet,8,330,2,36,2,63,2,29,0,9
pinot-minion/pinot-core,com.linkedin.pinot.core.operator.docvalsets,SingleValueSet.new Object() {...},4,29,0,0,0,1,0,1,0,1
pinot-minion/pinot-core,com.linkedin.pinot.core.operator.docvalsets,ConstantBlockValSet,127,37,9,1,34,11,10,2,5,2
pinot-minion/pinot-core,com.linkedin.pinot.core.operator.docvalsets,MultiValueSet,3,20,0,0,1,6,1,2,1,2
pinot-minion/pinot-core,com.linkedin.pinot.core.startree.hll,HllUtil.SerializationConverter,3,52,0,4,1,10,1,6,1,4
pinot-minion/pinot-core,com.linkedin.pinot.core.startree.hll,HllUtil,64,95,3,7,19,19,5,9,3,6
pinot-minion/pinot-core,com.linkedin.pinot.core.query.aggregation.groupby,AggregationGroupByResult,0,28,0,0,0,7,0,3,0,3
pinot-minion/pinot-core,com.linkedin.pinot.core.query.aggregation.groupby,DefaultGroupByExecutor,22,436,7,35,4,88,7,25,0,11
pinot-minion/pinot-core,com.linkedin.pinot.core.query.aggregation.groupby,DictionaryBasedGroupKeyGenerator.ArrayBasedHolder.new Iterator() {...},8,69,1,7,2,10,2,6,1,3
pinot-minion/pinot-core,com.linkedin.pinot.core.query.aggregation.groupby,AggregationGroupByTrimmingService.NonComparableSorter,5,158,2,14,2,37,3,9,1,3
pinot-minion/pinot-core,com.linkedin.pinot.core.query.aggregation.groupby,DictionaryBasedGroupKeyGenerator.IntMapBasedHolder.new Iterator() {...},4,44,0,0,1,8,1,3,1,3
pinot-minion/pinot-core,com.linkedin.pinot.core.query.aggregation.groupby,NoDictionarySingleColumnGroupKeyGenerator.GroupKeyIterator,4,41,0,0,1,9,1,3,1,3
pinot-minion/pinot-core,com.linkedin.pinot.core.query.aggregation.groupby,NoDictionaryMultiColumnGroupKeyGenerator.FixedIntArray,23,17,6,0,6,6,4,4,1,4
pinot-minion/pinot-core,com.linkedin.pinot.core.query.aggregation.groupby,NoDictionarySingleColumnGroupKeyGenerator,34,331,5,27,4,85,7,26,2,11
pinot-minion/pinot-core,com.linkedin.pinot.core.query.aggregation.groupby,DictionaryBasedGroupKeyGenerator.LongMapBasedHolder,0,116,0,8,0,23,0,10,0,6
pinot-minion/pinot-core,com.linkedin.pinot.core.query.aggregation.groupby,ObjectGroupByResultHolder,30,227,3,19,3,48,5,15,2,7
pinot-minion/pinot-core,com.linkedin.pinot.core.query.aggregation.groupby,NoDictionarySingleColumnGroupKeyGenerator.new Object() {...},5,35,0,0,0,1,0,1,0,1
pinot-minion/pinot-core,com.linkedin.pinot.core.query.aggregation.groupby,GroupKeyGenerator.GroupKey,0,3,0,0,0,1,0,1,0,1
pinot-minion/pinot-core,com.linkedin.pinot.core.query.aggregation.groupby,DictionaryBasedGroupKeyGenerator.ArrayMapBasedHolder,0,113,0,8,0,23,0,10,0,6
pinot-minion/pinot-core,com.linkedin.pinot.core.query.aggregation.groupby,DictionaryBasedGroupKeyGenerator.LongMapBasedHolder.new Iterator() {...},4,44,0,0,1,8,1,3,1,3
pinot-minion/pinot-core,com.linkedin.pinot.core.query.aggregation.groupby,DictionaryBasedGroupKeyGenerator.IntArray,2,64,1,7,1,14,1,6,0,3
pinot-minion/pinot-core,com.linkedin.pinot.core.query.aggregation.groupby,AggregationGroupByTrimmingService.ComparableSorter,0,104,0,8,0,25,0,8,0,4
pinot-minion/pinot-core,com.linkedin.pinot.core.query.aggregation.groupby,GroupByResultHolder.StorageMode,9,29,0,0,0,3,2,2,2,2
pinot-minion/pinot-core,com.linkedin.pinot.core.query.aggregation.groupby,DefaultGroupByExecutor.new ThreadLocal() {...},0,6,0,0,0,2,0,2,0,2
pinot-minion/pinot-core,com.linkedin.pinot.core.query.aggregation.groupby,DefaultGroupByExecutor.new ThreadLocal() {...},0,6,0,0,0,2,0,2,0,2
pinot-minion/pinot-core,com.linkedin.pinot.core.query.aggregation.groupby,DictionaryBasedGroupKeyGenerator.IntMapBasedHolder,0,111,0,8,0,22,0,10,0,6
pinot-minion/pinot-core,com.linkedin.pinot.core.query.aggregation.groupby,DictionaryBasedGroupKeyGenerator.ArrayBasedHolder,0,94,0,6,0,15,0,8,0,5
pinot-minion/pinot-core,com.linkedin.pinot.core.query.aggregation.groupby,NoDictionaryMultiColumnGroupKeyGenerator.GroupKeyIterator,4,44,0,0,1,9,1,3,1,3
pinot-minion/pinot-core,com.linkedin.pinot.core.query.aggregation.groupby,GroupByResultHolder,0,4,0,0,0,1,0,1,0,1
pinot-minion/pinot-core,com.linkedin.pinot.core.query.aggregation.groupby,AggregationGroupByTrimmingService.ComparableSorter.GroupKeyResultPair,0,15,0,0,0,5,0,2,0,2
pinot-minion/pinot-core,com.linkedin.pinot.core.query.aggregation.groupby,DoubleGroupByResultHolder,30,242,2,22,3,53,4,17,2,7
pinot-minion/pinot-core,com.linkedin.pinot.core.query.aggregation.groupby,DictionaryBasedGroupKeyGenerator,0,1034,0,106,0,196,0,66,0,13
pinot-minion/pinot-core,com.linkedin.pinot.core.query.aggregation.groupby,NoDictionaryMultiColumnGroupKeyGenerator,38,398,3,31,5,84,6,25,3,7
pinot-minion/pinot-core,com.linkedin.pinot.core.query.aggregation.groupby,DictionaryBasedGroupKeyGenerator.ArrayMapBasedHolder.new Iterator() {...},4,45,0,0,1,8,1,3,1,3
pinot-minion/pinot-core,com.linkedin.pinot.core.query.aggregation.groupby,NoDictionaryMultiColumnGroupKeyGenerator.new Object() {...},5,35,0,0,0,1,0,1,0,1
pinot-minion/pinot-core,com.linkedin.pinot.core.query.aggregation.groupby,AggregationGroupByTrimmingService,11,269,3,27,2,55,3,16,0,4
pinot-minion/pinot-core,com.linkedin.pinot.core.query.selection,SelectionOperatorUtils,234,875,29,100,47,193,26,67,3,13
pinot-minion/pinot-core,com.linkedin.pinot.core.query.selection,SelectionOperatorService.new Object() {...},5,35,0,0,0,1,0,1,0,1
pinot-minion/pinot-core,com.linkedin.pinot.core.query.selection,SelectionOperatorService.new Comparator() {...},65,70,12,8,14,17,9,5,0,2
pinot-minion/pinot-core,com.linkedin.pinot.core.query.selection,SelectionOperatorService.new Comparator() {...},32,52,8,4,6,12,6,2,0,2
pinot-minion/pinot-core,com.linkedin.pinot.core.query.selection,SelectionFetcher,94,78,12,7,21,17,11,5,0,2
pinot-minion/pinot-core,com.linkedin.pinot.core.query.selection,SelectionOperatorUtils.new Object() {...},10,65,0,0,0,1,0,1,0,1
pinot-minion/pinot-core,com.linkedin.pinot.core.query.selection,SelectionOperatorService,33,325,5,15,7,63,4,19,1,12
pinot-minion/pinot-core,com.linkedin.pinot.core.query.selection,SelectionFetcher.new Object() {...},10,65,0,0,0,1,0,1,0,1
pinot-minion/pinot-core,com.linkedin.pinot.core.segment.creator.impl.stats,FloatColumnPreIndexStatsCollector,97,141,12,8,17,38,10,10,0,10
pinot-minion/pinot-core,com.linkedin.pinot.core.segment.creator.impl.stats,DoubleColumnPreIndexStatsCollector,97,139,12,8,17,38,10,10,0,10
pinot-minion/pinot-core,com.linkedin.pinot.core.segment.creator.impl.stats,IntColumnPreIndexStatsCollector,27,209,5,15,7,48,5,15,0,10
pinot-minion/pinot-core,com.linkedin.pinot.core.segment.creator.impl.stats,AbstractColumnStatisticsCollector,11,198,4,32,2,55,5,26,1,12
pinot-minion/pinot-core,com.linkedin.pinot.core.segment.creator.impl.stats,LongColumnPreIndexStatsCollector,70,166,10,10,12,43,8,12,0,10
pinot-minion/pinot-core,com.linkedin.pinot.core.segment.creator.impl.stats,SegmentPreIndexStatsCollectorImpl.new Object() {...},6,41,0,0,0,1,0,1,0,1
pinot-minion/pinot-core,com.linkedin.pinot.core.segment.creator.impl.stats,SegmentPreIndexStatsCollectorImpl,134,201,6,14,20,43,5,18,1,10
pinot-minion/pinot-core,com.linkedin.pinot.core.segment.creator.impl.stats,StringColumnPreIndexStatsCollector,37,239,7,17,9,56,7,17,0,12
pinot-minion/pinot-core,com.linkedin.pinot.core.operator.filter.predicate,RangePredicateEvaluatorFactory,15,47,1,7,3,9,2,7,1,2
pinot-minion/pinot-core,com.linkedin.pinot.core.operator.filter.predicate,RegexpLikePredicateEvaluatorFactory.RawValueBasedRegexpLikePredicateEvaluator,17,0,0,0,5,0,3,0,3,0
pinot-minion/pinot-core,com.linkedin.pinot.core.operator.filter.predicate,BaseRawValueBasedPredicateEvaluator,32,188,0,50,9,46,9,31,9,6
pinot-minion/pinot-core,com.linkedin.pinot.core.operator.filter.predicate,NotInPredicateEvaluatorFactory.FloatRawValueBasedNotInPredicateEvaluator,0,46,0,4,0,8,0,5,0,3
pinot-minion/pinot-core,com.linkedin.pinot.core.operator.filter.predicate,NotEqualsPredicateEvaluatorFactory.IntRawValueBasedNeqPredicateEvaluator,0,18,0,2,0,5,0,4,0,3
pinot-minion/pinot-core,com.linkedin.pinot.core.operator.filter.predicate,RangePredicateEvaluatorFactory.IntRawValueBasedRangePredicateEvaluator,2,83,0,16,1,15,1,10,1,2
pinot-minion/pinot-core,com.linkedin.pinot.core.operator.filter.predicate,EqualsPredicateEvaluatorFactory.StringRawValueBasedEqPredicateEvaluator,0,14,0,0,0,5,0,3,0,3
pinot-minion/pinot-core,com.linkedin.pinot.core.operator.filter.predicate,NotEqualsPredicateEvaluatorFactory.LongRawValueBasedNeqPredicateEvaluator,0,19,0,2,0,5,0,4,0,3
pinot-minion/pinot-core,com.linkedin.pinot.core.operator.filter.predicate,NotInPredicateEvaluatorFactory.DictionaryBasedNotInPredicateEvaluator,13,101,5,11,3,20,5,9,1,5
pinot-minion/pinot-core,com.linkedin.pinot.core.operator.filter.predicate,PredicateEvaluatorProvider,80,38,10,6,15,8,10,5,1,1
pinot-minion/pinot-core,com.linkedin.pinot.core.operator.filter.predicate,RangePredicateEvaluatorFactory.RealtimeDictionaryBasedRangePredicateEvaluator,9,79,3,9,3,21,4,8,1,5
pinot-minion/pinot-core,com.linkedin.pinot.core.operator.filter.predicate,InPredicateEvaluatorFactory.LongRawValueBasedInPredicateEvaluator,0,42,0,2,0,8,0,4,0,3
pinot-minion/pinot-core,com.linkedin.pinot.core.operator.filter.predicate,EqualsPredicateEvaluatorFactory.DictionaryBasedEqPredicateEvaluator,6,40,2,4,1,9,2,6,0,5
pinot-minion/pinot-core,com.linkedin.pinot.core.operator.filter.predicate,RangePredicateEvaluatorFactory.StringRawValueBasedRangePredicateEvaluator,2,81,0,16,1,16,1,10,1,2
pinot-minion/pinot-core,com.linkedin.pinot.core.operator.filter.predicate,NotEqualsPredicateEvaluatorFactory.StringRawValueBasedNeqPredicateEvaluator,0,18,0,2,0,5,0,4,0,3
pinot-minion/pinot-core,com.linkedin.pinot.core.operator.filter.predicate,NotEqualsPredicateEvaluatorFactory.DoubleRawValueBasedNeqPredicateEvaluator,0,19,0,2,0,5,0,4,0,3
pinot-minion/pinot-core,com.linkedin.pinot.core.operator.filter.predicate,BaseDictionaryBasedPredicateEvaluator,36,42,0,10,9,11,9,8,9,3
pinot-minion/pinot-core,com.linkedin.pinot.core.operator.filter.predicate,NotEqualsPredicateEvaluatorFactory.FloatRawValueBasedNeqPredicateEvaluator,0,19,0,2,0,5,0,4,0,3
pinot-minion/pinot-core,com.linkedin.pinot.core.operator.filter.predicate,InPredicateEvaluatorFactory.StringRawValueBasedInPredicateEvaluator,0,25,0,0,0,7,0,3,0,3
pinot-minion/pinot-core,com.linkedin.pinot.core.operator.filter.predicate,EqualsPredicateEvaluatorFactory.DoubleRawValueBasedEqPredicateEvaluator,0,19,0,2,0,5,0,4,0,3
pinot-minion/pinot-core,com.linkedin.pinot.core.operator.filter.predicate,BasePredicateEvaluator,0,7,0,0,0,2,0,2,0,2
pinot-minion/pinot-core,com.linkedin.pinot.core.operator.filter.predicate,RangePredicateEvaluatorFactory.new Object() {...},5,35,0,0,0,1,0,1,0,1
pinot-minion/pinot-core,com.linkedin.pinot.core.operator.filter.predicate,NotEqualsPredicateEvaluatorFactory.DictionaryBasedNeqPredicateEvaluator,20,88,5,11,4,20,4,10,0,6
pinot-minion/pinot-core,com.linkedin.pinot.core.operator.filter.predicate,NotInPredicateEvaluatorFactory.IntRawValueBasedNotInPredicateEvaluator,0,46,0,4,0,8,0,5,0,3
pinot-minion/pinot-core,com.linkedin.pinot.core.operator.filter.predicate,NotInPredicateEvaluatorFactory.DoubleRawValueBasedNotInPredicateEvaluator,0,46,0,4,0,8,0,5,0,3
pinot-minion/pinot-core,com.linkedin.pinot.core.operator.filter.predicate,PredicateEvaluatorProvider.new Object() {...},6,41,0,0,0,1,0,1,0,1
pinot-minion/pinot-core,com.linkedin.pinot.core.operator.filter.predicate,InPredicateEvaluatorFactory.DoubleRawValueBasedInPredicateEvaluator,0,42,0,2,0,8,0,4,0,3
pinot-minion/pinot-core,com.linkedin.pinot.core.operator.filter.predicate,NotInPredicateEvaluatorFactory.StringRawValueBasedNotInPredicateEvaluator,0,29,0,2,0,7,0,4,0,3
pinot-minion/pinot-core,com.linkedin.pinot.core.operator.filter.predicate,NotInPredicateEvaluatorFactory,15,36,1,5,3,7,2,6,1,2
pinot-minion/pinot-core,com.linkedin.pinot.core.operator.filter.predicate,RegexpLikePredicateEvaluatorFactory,29,0,2,0,5,0,4,0,3,0
pinot-minion/pinot-core,com.linkedin.pinot.core.operator.filter.predicate,InPredicateEvaluatorFactory,15,36,1,5,3,7,2,6,1,2
pinot-minion/pinot-core,com.linkedin.pinot.core.operator.filter.predicate,EqualsPredicateEvaluatorFactory.new Object() {...},5,35,0,0,0,1,0,1,0,1
pinot-minion/pinot-core,com.linkedin.pinot.core.operator.filter.predicate,InPredicateEvaluatorFactory.FloatRawValueBasedInPredicateEvaluator,0,42,0,2,0,8,0,4,0,3
pinot-minion/pinot-core,com.linkedin.pinot.core.operator.filter.predicate,RegexpLikePredicateEvaluatorFactory.DictionaryBasedRegexpLikePredicateEvaluator,58,0,6,0,15,0,8,0,5,0
pinot-minion/pinot-core,com.linkedin.pinot.core.operator.filter.predicate,EqualsPredicateEvaluatorFactory,15,36,1,5,3,7,2,6,1,2
pinot-minion/pinot-core,com.linkedin.pinot.core.operator.filter.predicate,InPredicateEvaluatorFactory.new Object() {...},5,35,0,0,0,1,0,1,0,1
pinot-minion/pinot-core,com.linkedin.pinot.core.operator.filter.predicate,NotInPredicateEvaluatorFactory.new Object() {...},5,35,0,0,0,1,0,1,0,1
pinot-minion/pinot-core,com.linkedin.pinot.core.operator.filter.predicate,RangePredicateEvaluatorFactory.FloatRawValueBasedRangePredicateEvaluator,2,87,0,16,1,15,1,10,1,2
pinot-minion/pinot-core,com.linkedin.pinot.core.operator.filter.predicate,EqualsPredicateEvaluatorFactory.IntRawValueBasedEqPredicateEvaluator,0,18,0,2,0,5,0,4,0,3
pinot-minion/pinot-core,com.linkedin.pinot.core.operator.filter.predicate,NotEqualsPredicateEvaluatorFactory.new Object() {...},5,35,0,0,0,1,0,1,0,1
pinot-minion/pinot-core,com.linkedin.pinot.core.operator.filter.predicate,EqualsPredicateEvaluatorFactory.LongRawValueBasedEqPredicateEvaluator,0,19,0,2,0,5,0,4,0,3
pinot-minion/pinot-core,com.linkedin.pinot.core.operator.filter.predicate,RangePredicateEvaluatorFactory.OfflineDictionaryBasedRangePredicateEvaluator,0,141,1,23,0,33,1,16,0,5
pinot-minion/pinot-core,com.linkedin.pinot.core.operator.filter.predicate,EqualsPredicateEvaluatorFactory.FloatRawValueBasedEqPredicateEvaluator,0,19,0,2,0,5,0,4,0,3
pinot-minion/pinot-core,com.linkedin.pinot.core.operator.filter.predicate,RangePredicateEvaluatorFactory.LongRawValueBasedRangePredicateEvaluator,2,87,0,16,1,15,1,10,1,2
pinot-minion/pinot-core,com.linkedin.pinot.core.operator.filter.predicate,RangePredicateEvaluatorFactory.DoubleRawValueBasedRangePredicateEvaluator,2,87,0,16,1,15,1,10,1,2
pinot-minion/pinot-core,com.linkedin.pinot.core.operator.filter.predicate,InPredicateEvaluatorFactory.IntRawValueBasedInPredicateEvaluator,0,42,0,2,0,8,0,4,0,3
pinot-minion/pinot-core,com.linkedin.pinot.core.operator.filter.predicate,NotEqualsPredicateEvaluatorFactory,15,36,1,5,3,7,2,6,1,2
pinot-minion/pinot-core,com.linkedin.pinot.core.operator.filter.predicate,NotInPredicateEvaluatorFactory.LongRawValueBasedNotInPredicateEvaluator,0,46,0,4,0,8,0,5,0,3
pinot-minion/pinot-core,com.linkedin.pinot.core.operator.filter.predicate,InPredicateEvaluatorFactory.DictionaryBasedInPredicateEvaluator,0,60,2,4,0,14,2,6,0,5
pinot-minion/pinot-core,com.linkedin.pinot.core.segment.index.readers,FloatDictionary,6,56,2,2,1,13,2,9,0,9
pinot-minion/pinot-core,com.linkedin.pinot.core.segment.index.readers,BaseDictionary,21,87,2,8,4,17,2,9,1,5
pinot-minion/pinot-core,com.linkedin.pinot.core.segment.index.readers,LongDictionary,6,56,2,2,1,13,2,9,0,9
pinot-minion/pinot-core,com.linkedin.pinot.core.segment.index.readers,OnHeapLongDictionary,66,60,6,2,11,12,7,5,4,4
pinot-minion/pinot-core,com.linkedin.pinot.core.segment.index.readers,ImmutableDictionaryReader,17,393,4,38,3,99,5,34,1,17
pinot-minion/pinot-core,com.linkedin.pinot.core.segment.index.readers,OnHeapDoubleDictionary,62,60,6,2,10,12,6,5,3,4
pinot-minion/pinot-core,com.linkedin.pinot.core.segment.index.readers,BitmapInvertedIndexReader,76,143,8,10,8,38,8,8,1,6
pinot-minion/pinot-core,com.linkedin.pinot.core.segment.index.readers,OnHeapIntDictionary,62,78,6,2,10,15,6,8,3,7
pinot-minion/pinot-core,com.linkedin.pinot.core.segment.index.readers,OnHeapStringDictionary,48,104,6,8,7,20,5,7,0,5
pinot-minion/pinot-core,com.linkedin.pinot.core.segment.index.readers,OnHeapDictionary,24,7,0,0,6,2,6,1,6,1
pinot-minion/pinot-core,com.linkedin.pinot.core.segment.index.readers,DoubleDictionary,6,56,2,2,1,13,2,9,0,9
pinot-minion/pinot-core,com.linkedin.pinot.core.segment.index.readers,StringDictionary,17,58,1,3,4,12,5,7,4,6
pinot-minion/pinot-core,com.linkedin.pinot.core.segment.index.readers,IntDictionary,1,61,1,3,0,14,1,10,0,9
pinot-minion/pinot-core,com.linkedin.pinot.core.segment.index.readers,OnHeapFloatDictionary,62,66,6,2,10,13,6,6,3,5
pinot-minion/pinot-core,com.linkedin.pinot.core.query.config,QueryPlannerConfig,28,23,3,1,3,7,3,3,1,3
pinot-minion/pinot-core,com.linkedin.pinot.core.query.config,SegmentPrunerConfig,23,85,3,3,2,17,2,7,0,6
pinot-minion/pinot-core,com.linkedin.pinot.core.query.config,QueryExecutorConfig,26,60,3,1,3,14,3,6,1,6
pinot-minion/pinot-core,com.linkedin.pinot.core.indexsegment.realtime,RealtimeSegmentLoader,3,0,0,0,1,0,1,0,1,0
pinot-minion/pinot-core,com.linkedin.pinot.core.query.utils,Pair,23,15,0,0,5,6,3,3,3,3
pinot-minion/pinot-core,com.linkedin.pinot.core.query.utils,TrieNode,43,0,0,0,17,0,9,0,9,0
pinot-minion/pinot-core,com.linkedin.pinot.core.operator.query,DictionaryBasedAggregationOperator.new Object() {...},3,23,0,0,0,1,0,1,0,1
pinot-minion/pinot-core,com.linkedin.pinot.core.operator.query,AggregationOperator,2,75,0,2,1,17,1,4,1,3
pinot-minion/pinot-core,com.linkedin.pinot.core.operator.query,MSelectionOnlyOperator,3,153,2,6,2,28,3,5,1,3
pinot-minion/pinot-core,com.linkedin.pinot.core.operator.query,MetadataBasedAggregationOperator.new Object() {...},4,29,0,0,0,1,0,1,0,1
pinot-minion/pinot-core,com.linkedin.pinot.core.operator.query,DictionaryBasedAggregationOperator,15,132,1,5,2,26,2,6,1,3
pinot-minion/pinot-core,com.linkedin.pinot.core.operator.query,MetadataBasedAggregationOperator,71,99,4,3,13,20,5,4,1,3
pinot-minion/pinot-core,com.linkedin.pinot.core.operator.query,MSelectionOrderByOperator,22,165,4,8,3,31,4,7,1,4
pinot-minion/pinot-core,com.linkedin.pinot.core.operator.query,AggregationGroupByOperator,2,89,0,2,1,20,1,4,1,3
pinot-minion/pinot-core,com.linkedin.pinot.core.data.manager.config,TableDataManagerConfig,115,6,8,1,25,1,14,1,9,1
pinot-minion/pinot-core,com.linkedin.pinot.core.data.manager.config,TableDataManagerConfig.new Object() {...},19,0,0,0,1,0,1,0,1,0
pinot-minion/pinot-core,com.linkedin.pinot.core.query.aggregation,DefaultAggregationExecutor,3,195,3,11,1,37,3,10,0,6
pinot-minion/pinot-core,com.linkedin.pinot.core.query.aggregation,AggregationFunctionContext,0,42,0,0,0,11,0,5,0,5
pinot-minion/pinot-core,com.linkedin.pinot.core.query.aggregation,ObjectAggregationResultHolder,28,10,0,0,2,4,2,3,2,3
pinot-minion/pinot-core,com.linkedin.pinot.core.query.aggregation,DoubleAggregationResultHolder,28,13,0,0,2,6,2,3,2,3
pinot-minion/pinot-core,com.linkedin.pinot.core.realtime.impl,RealtimeSegmentStatsHistory,180,340,27,43,10,91,20,34,2,17
pinot-minion/pinot-core,com.linkedin.pinot.core.realtime.impl,RealtimeSegmentImpl.new Object() {...},40,0,0,0,1,0,1,0,1,0
pinot-minion/pinot-core,com.linkedin.pinot.core.realtime.impl,RealtimeSegmentImpl.new SegmentMetadataImpl() {...},8,8,0,0,2,1,2,1,2,1
pinot-minion/pinot-core,com.linkedin.pinot.core.realtime.impl,RealtimeSegmentConfig.Builder,5,87,0,0,2,25,1,13,1,13
pinot-minion/pinot-core,com.linkedin.pinot.core.realtime.impl,FileBasedStreamProviderImpl,27,43,0,2,8,11,6,5,6,4
pinot-minion/pinot-core,com.linkedin.pinot.core.realtime.impl,RealtimeSegmentStatsHistory.ColumnStats,15,17,0,0,1,7,1,5,1,5
pinot-minion/pinot-core,com.linkedin.pinot.core.realtime.impl,RealtimeSegmentConfig,0,75,0,0,0,26,0,13,0,13
pinot-minion/pinot-core,com.linkedin.pinot.core.realtime.impl,RealtimeSegmentImpl,879,599,69,39,160,113,56,24,13,8
pinot-minion/pinot-core,com.linkedin.pinot.core.realtime.impl,FileBasedStreamProviderConfig,22,18,0,0,11,7,9,3,9,3
pinot-minion/pinot-core,com.linkedin.pinot.core.realtime.impl,RealtimeSegmentStatsHistory.SegmentStats,67,42,2,0,6,14,2,9,1,9
pinot-minion/pinot-core,com.linkedin.pinot.core.data.readers,RecordReaderUtils.new Object() {...},5,35,0,0,0,1,0,1,0,1
pinot-minion/pinot-core,com.linkedin.pinot.core.data.readers,CSVRecordReaderConfig,20,21,0,0,9,7,5,5,5,5
pinot-minion/pinot-core,com.linkedin.pinot.core.data.readers,ThriftRecordReaderConfig,4,10,0,0,1,4,1,3,1,3
pinot-minion/pinot-core,com.linkedin.pinot.core.data.readers,AvroRecordReader,38,127,4,6,7,34,3,11,0,9
pinot-minion/pinot-core,com.linkedin.pinot.core.data.readers,CSVRecordReader,62,148,22,10,12,39,17,10,1,7
pinot-minion/pinot-core,com.linkedin.pinot.core.data.readers,PinotSegmentRecordReader,128,177,4,12,25,36,4,14,1,7
pinot-minion/pinot-core,com.linkedin.pinot.core.data.readers,PinotSegmentColumnReader,52,144,6,8,9,32,6,8,1,6
pinot-minion/pinot-core,com.linkedin.pinot.core.data.readers,FileFormat,5,73,0,0,0,7,1,3,1,3
pinot-minion/pinot-core,com.linkedin.pinot.core.data.readers,GenericRowRecordReader,0,48,0,2,0,13,0,8,0,7
pinot-minion/pinot-core,com.linkedin.pinot.core.data.readers,RecordReaderFactory.new Object() {...},6,41,0,0,0,1,0,1,0,1
pinot-minion/pinot-core,com.linkedin.pinot.core.data.readers,RecordReaderUtils,53,168,10,24,9,38,11,16,1,7
pinot-minion/pinot-core,com.linkedin.pinot.core.data.readers,PinotSegmentRecordReader.new Object() {...},5,35,0,0,0,1,0,1,0,1
pinot-minion/pinot-core,com.linkedin.pinot.core.data.readers,ThriftRecordReader,32,215,4,18,9,56,5,14,1,7
pinot-minion/pinot-core,com.linkedin.pinot.core.data.readers,JSONRecordReader,9,109,0,6,4,30,1,11,1,8
pinot-minion/pinot-core,com.linkedin.pinot.core.data.readers,RecordReaderFactory,45,37,5,1,7,6,6,1,1,1
pinot-minion/pinot-core,com.linkedin.pinot.core.realtime.converter.stats,RealtimeNoDictionaryColStatistics.new Object() {...},4,29,0,0,0,1,0,1,0,1
pinot-minion/pinot-core,com.linkedin.pinot.core.realtime.converter.stats,RealtimeSegmentStatsContainer,14,72,2,4,1,15,2,6,0,5
pinot-minion/pinot-core,com.linkedin.pinot.core.realtime.converter.stats,RealtimeSegmentSegmentCreationDataSource,5,29,1,1,1,8,1,3,0,3
pinot-minion/pinot-core,com.linkedin.pinot.core.realtime.converter.stats,RealtimeNoDictionaryColStatistics,43,288,8,32,17,72,17,25,10,9
pinot-minion/pinot-core,com.linkedin.pinot.core.realtime.converter.stats,RealtimeColumnStatistics,90,196,16,20,16,49,13,21,2,14
pinot-minion/pinot-core,com.linkedin.pinot.core.io.compression,SnappyDecompressor,0,7,0,0,0,2,0,2,0,2
pinot-minion/pinot-core,com.linkedin.pinot.core.io.compression,ChunkCompressorFactory.CompressionType,5,41,0,0,0,7,1,4,1,4
pinot-minion/pinot-core,com.linkedin.pinot.core.io.compression,SnappyCompressor,0,7,0,0,0,2,0,2,0,2
pinot-minion/pinot-core,com.linkedin.pinot.core.io.compression,ChunkCompressorFactory,27,26,2,4,4,6,3,4,1,2
pinot-minion/pinot-core,com.linkedin.pinot.core.io.compression,PassThroughCompressor,0,13,0,0,0,4,0,2,0,2
pinot-minion/pinot-core,com.linkedin.pinot.core.io.compression,ChunkCompressorFactory.new Object() {...},2,17,0,0,0,1,0,1,0,1
pinot-minion/pinot-core,com.linkedin.pinot.core.io.compression,PassThroughDecompressor,0,10,0,0,0,3,0,2,0,2
pinot-minion/pinot-core,com.linkedin.pinot.core.realtime.impl.dictionary,DoubleOffHeapMutableDictionary,146,83,18,6,33,22,20,9,10,7
pinot-minion/pinot-core,com.linkedin.pinot.core.realtime.impl.dictionary,MutableDictionaryFactory,61,27,8,6,11,7,8,5,1,1
pinot-minion/pinot-core,com.linkedin.pinot.core.realtime.impl.dictionary,MutableDictionaryFactory.new Object() {...},5,35,0,0,0,1,0,1,0,1
pinot-minion/pinot-core,com.linkedin.pinot.core.realtime.impl.dictionary,LongOffHeapMutableDictionary,146,83,18,6,33,22,20,9,10,7
pinot-minion/pinot-core,com.linkedin.pinot.core.realtime.impl.dictionary,BaseOffHeapMutableDictionary.ValueToDictId,0,15,0,0,0,6,0,3,0,3
pinot-minion/pinot-core,com.linkedin.pinot.core.realtime.impl.dictionary,DoubleOnHeapMutableDictionary,133,46,18,6,31,14,18,6,8,4
pinot-minion/pinot-core,com.linkedin.pinot.core.realtime.impl.dictionary,StringOnHeapMutableDictionary,78,82,15,9,20,24,13,11,5,7
pinot-minion/pinot-core,com.linkedin.pinot.core.realtime.impl.dictionary,BaseOffHeapMutableDictionary,114,797,15,63,27,140,24,38,11,12
pinot-minion/pinot-core,com.linkedin.pinot.core.realtime.impl.dictionary,BaseOnHeapMutableDictionary,12,89,2,6,2,20,3,9,2,6
pinot-minion/pinot-core,com.linkedin.pinot.core.realtime.impl.dictionary,IntOnHeapMutableDictionary,30,146,6,18,7,38,8,16,3,9
pinot-minion/pinot-core,com.linkedin.pinot.core.realtime.impl.dictionary,FloatOnHeapMutableDictionary,134,46,18,6,31,14,18,6,8,4
pinot-minion/pinot-core,com.linkedin.pinot.core.realtime.impl.dictionary,StringOffHeapMutableDictionary,119,105,17,7,28,28,16,12,7,9
pinot-minion/pinot-core,com.linkedin.pinot.core.realtime.impl.dictionary,IntOffHeapMutableDictionary,139,87,18,6,32,23,19,10,9,8
pinot-minion/pinot-core,com.linkedin.pinot.core.realtime.impl.dictionary,LongOnHeapMutableDictionary,101,80,15,9,26,19,15,9,7,5
pinot-minion/pinot-core,com.linkedin.pinot.core.realtime.impl.dictionary,FloatOffHeapMutableDictionary,146,83,18,6,33,22,20,9,10,7
pinot-minion/pinot-core,com.linkedin.pinot.core.realtime.impl.dictionary,MutableDictionary,2,8,0,0,1,2,1,2,1,2
pinot-minion/pinot-core,com.linkedin.pinot.core.operator.filter,StarTreeIndexBasedFilterOperator.new Comparator() {...},10,24,4,2,4,5,4,4,0,3
pinot-minion/pinot-core,com.linkedin.pinot.core.operator.filter,StarTreeIndexBasedFilterOperator.new Object() {...},6,41,0,0,0,1,0,1,0,1
pinot-minion/pinot-core,com.linkedin.pinot.core.operator.filter,StarTreeIndexBasedFilterOperator,45,573,11,57,16,131,11,31,2,6
pinot-minion/pinot-core,com.linkedin.pinot.core.operator.filter,SortedInvertedIndexBasedFilterOperator.SortedBlock,39,21,0,0,3,6,3,2,3,2
pinot-minion/pinot-core,com.linkedin.pinot.core.operator.filter,FilterOperatorUtils,13,43,4,6,4,9,5,3,1,2
pinot-minion/pinot-core,com.linkedin.pinot.core.operator.filter,ScanBasedFilterOperator.ScanBlock,39,9,0,0,3,4,3,2,3,2
pinot-minion/pinot-core,com.linkedin.pinot.core.operator.filter,EmptyFilterOperator,16,0,0,0,7,0,6,0,6,0
pinot-minion/pinot-core,com.linkedin.pinot.core.operator.filter,StarTreeIndexBasedFilterOperator.StarTreeResult,0,9,0,0,0,4,0,1,0,1
pinot-minion/pinot-core,com.linkedin.pinot.core.operator.filter,SortedInvertedIndexBasedFilterOperator,151,79,21,5,30,20,14,3,1,3
pinot-minion/pinot-core,com.linkedin.pinot.core.operator.filter,BaseFilterOperator,0,3,0,0,0,1,0,1,0,1
pinot-minion/pinot-core,com.linkedin.pinot.core.operator.filter,IntRanges,3,61,0,8,1,9,1,8,1,4
pinot-minion/pinot-core,com.linkedin.pinot.core.operator.filter,MatchEntireSegmentOperator,4,12,0,0,2,4,2,2,2,2
pinot-minion/pinot-core,com.linkedin.pinot.core.operator.filter,FilterOperatorUtils.new Comparator() {...},16,34,2,8,2,11,2,6,0,3
pinot-minion/pinot-core,com.linkedin.pinot.core.operator.filter,AndOperator,21,42,4,2,6,11,4,3,2,2
pinot-minion/pinot-core,com.linkedin.pinot.core.operator.filter,OrOperator,5,58,2,4,3,14,3,4,1,3
pinot-minion/pinot-core,com.linkedin.pinot.core.operator.filter,BitmapBasedFilterOperator,20,124,6,8,3,27,6,7,2,4
pinot-minion/pinot-core,com.linkedin.pinot.core.operator.filter,StarTreeIndexBasedFilterOperator.SearchEntry,0,12,0,0,0,5,0,1,0,1
pinot-minion/pinot-core,com.linkedin.pinot.core.operator.filter,ScanBasedFilterOperator,2,72,0,2,1,17,1,4,1,3
pinot-minion/pinot-core,com.linkedin.pinot.core.segment.index.data.source,ColumnDataSource,1,146,1,9,0,30,1,12,0,8
pinot-minion/pinot-core,com.linkedin.pinot.core.segment.index.data.source,ColumnDataSource.new DataSourceMetadata() {...},1,33,1,3,0,6,1,7,0,6
pinot-minion/pinot-core,com.linkedin.pinot.core.minion,SegmentPurger.PurgeRecordReader,20,138,5,13,5,35,6,10,1,6
pinot-minion/pinot-core,com.linkedin.pinot.core.minion,RawIndexConverter,468,0,34,0,79,0,22,0,5,0
pinot-minion/pinot-core,com.linkedin.pinot.core.minion,BackfillDateTimeColumn,102,41,3,1,23,9,3,3,1,3
pinot-minion/pinot-core,com.linkedin.pinot.core.minion,BackfillDateTimeColumn.BackfillDateTimeRecordReader,4,114,0,2,2,25,1,8,1,7
pinot-minion/pinot-core,com.linkedin.pinot.core.minion,SegmentPurger,37,132,10,4,1,28,7,5,0,5
pinot-minion/pinot-core,com.linkedin.pinot.core.data.manager.offline,OfflineTableDataManager,13,5,0,0,3,3,1,3,1,3
pinot-minion/pinot-core,com.linkedin.pinot.core.data.manager.offline,OfflineSegmentDataManager,13,17,0,0,1,7,1,4,1,4
pinot-minion/pinot-core,com.linkedin.pinot.core.data.manager.offline,SegmentDataManager,0,21,0,0,0,6,0,4,0,4
pinot-minion/pinot-core,com.linkedin.pinot.core.data.manager.offline,TableDataManagerProvider,31,33,7,3,5,6,7,1,1,1
pinot-minion/pinot-core,com.linkedin.pinot.core.data.manager.offline,AbstractTableDataManager,67,395,4,24,9,97,8,21,4,11
pinot-minion/pinot-core,com.linkedin.pinot.core.common.predicate,InPredicate,0,6,0,0,0,2,0,1,0,1
pinot-minion/pinot-core,com.linkedin.pinot.core.common.predicate,BaseInPredicate,29,27,0,2,2,4,1,3,1,2
pinot-minion/pinot-core,com.linkedin.pinot.core.common.predicate,NotInPredicate,0,6,0,0,0,2,0,1,0,1
pinot-minion/pinot-core,com.linkedin.pinot.core.common.predicate,NEqPredicate,26,12,0,0,1,3,1,2,1,2
pinot-minion/pinot-core,com.linkedin.pinot.core.common.predicate,RegexpLikePredicate,49,0,2,0,6,0,4,0,3,0
pinot-minion/pinot-core,com.linkedin.pinot.core.common.predicate,RangePredicate,26,98,0,8,1,19,1,9,1,5
pinot-minion/pinot-core,com.linkedin.pinot.core.common.predicate,EqPredicate,26,12,0,0,1,3,1,2,1,2
pinot-minion/pinot-core,com.linkedin.pinot.core.segment.index.loader,IndexLoadingConfig,36,208,10,10,8,65,11,20,1,20
pinot-minion/pinot-core,com.linkedin.pinot.core.segment.index.loader,V3RemoveIndexException,0,4,0,0,0,2,0,1,0,1
pinot-minion/pinot-core,com.linkedin.pinot.core.segment.index.loader,LoaderUtils,3,177,4,16,2,35,5,10,1,4
pinot-minion/pinot-core,com.linkedin.pinot.core.segment.index.loader,Loaders.IndexSegment,33,198,7,11,1,33,6,7,1,3
pinot-minion/pinot-core,com.linkedin.pinot.core.segment.index.loader,Loaders,3,4,0,0,2,1,1,1,1,1
pinot-minion/pinot-core,com.linkedin.pinot.core.segment.index.loader,SegmentPreProcessor,16,119,6,10,1,24,6,5,0,3
pinot-minion/pinot-core,com.linkedin.pinot.server.realtime,ControllerLeaderLocator,25,98,4,2,10,24,5,4,3,3
pinot-minion/pinot-core,com.linkedin.pinot.server.realtime,ServerSegmentCompletionProtocolHandler,316,19,17,1,74,7,20,2,11,2
pinot-minion/pinot-core,com.linkedin.pinot.core.util,AvroUtils.new Object() {...},3,23,0,0,0,1,0,1,0,1
pinot-minion/pinot-core,com.linkedin.pinot.core.util,BaseIndexedPriorityQueue,0,72,0,0,0,16,0,6,0,6
pinot-minion/pinot-core,com.linkedin.pinot.core.util,AvroUtils,143,329,18,44,19,73,17,27,2,10
pinot-minion/pinot-core,com.linkedin.pinot.core.util,IntDoubleIndexedPriorityQueue,35,293,5,31,9,73,5,24,1,10
pinot-minion/pinot-core,com.linkedin.pinot.core.util,SortedRangeIntersection,11,278,7,41,6,62,8,18,1,1
pinot-minion/pinot-core,com.linkedin.pinot.core.util,SizeUtil,29,0,0,0,5,0,3,0,3,0
pinot-minion/pinot-core,com.linkedin.pinot.core.util,CrcUtils,60,205,12,20,0,40,8,14,0,6
pinot-minion/pinot-core,com.linkedin.pinot.core.util,IntObjectIndexedPriorityQueue,36,285,5,31,9,71,5,24,1,10
pinot-minion/pinot-core,com.linkedin.pinot.core.io.util,FixedByteValueReaderWriter,0,115,0,6,0,23,0,13,0,10
pinot-minion/pinot-core,com.linkedin.pinot.core.io.util,FixedBitIntReaderWriter,1,69,1,1,0,14,1,6,0,6
pinot-minion/pinot-core,com.linkedin.pinot.core.io.util,PinotDataBitSet,0,651,0,38,0,118,0,30,0,11
pinot-minion/pinot-core,com.linkedin.pinot.core.io.writer.impl.v1,FixedByteChunkSingleValueWriter,0,85,0,2,0,25,0,8,0,7
pinot-minion/pinot-core,com.linkedin.pinot.core.io.writer.impl.v1,BaseChunkSingleValueWriter,42,176,1,3,11,44,9,6,8,5
pinot-minion/pinot-core,com.linkedin.pinot.core.io.writer.impl.v1,FixedBitMultiValueWriter,60,272,5,7,13,48,18,6,13,5
pinot-minion/pinot-core,com.linkedin.pinot.core.io.writer.impl.v1,VarByteChunkSingleValueWriter,4,124,0,6,1,28,1,8,1,5
pinot-minion/pinot-core,com.linkedin.pinot.core.io.writer.impl.v1,FixedBitSingleValueWriter,35,39,0,0,7,8,7,3,7,3
pinot-minion/pinot-core,com.linkedin.pinot.core.realtime.impl.invertedindex,RealtimeInvertedIndexReader.ThreadSafeMutableRoaringBitmap,5,33,1,1,0,10,1,3,0,3
pinot-minion/pinot-core,com.linkedin.pinot.core.realtime.impl.invertedindex,RealtimeInvertedIndexReader,13,67,0,2,1,20,1,4,1,3
pinot-minion/pinot-core,com.linkedin.pinot.core.io.readerwriter.impl,FixedByteSingleColumnSingleValueReaderWriter.ReaderWithOffset,0,52,0,0,0,11,0,7,0,7
pinot-minion/pinot-core,com.linkedin.pinot.core.io.readerwriter.impl,FixedByteSingleColumnSingleValueReaderWriter,0,359,0,14,0,69,0,23,0,16
pinot-minion/pinot-core,com.linkedin.pinot.core.io.readerwriter.impl,FixedByteSingleColumnSingleValueReaderWriter.WriterWithOffset,0,53,0,0,0,14,0,6,0,6
pinot-minion/pinot-core,com.linkedin.pinot.core.io.readerwriter.impl,FixedByteSingleColumnMultiValueReaderWriter,236,814,15,39,41,153,15,37,6,19
pinot-minion/pinot-core,com.linkedin.pinot.core.segment.index.loader.invertedindex,InvertedIndexHandler,96,229,17,21,7,47,12,12,0,5
pinot-minion/pinot-core,com.linkedin.pinot.core.query.reduce,HavingClauseComparisonTree,350,0,44,0,64,0,30,0,8,0
pinot-minion/pinot-core,com.linkedin.pinot.core.query.reduce,ComparisonFunction,6,0,0,0,2,0,2,0,2,0
pinot-minion/pinot-core,com.linkedin.pinot.core.query.reduce,GreaterThanComparison,76,0,4,0,18,0,6,0,4,0
pinot-minion/pinot-core,com.linkedin.pinot.core.query.reduce,BetweenComparison,88,0,6,0,20,0,8,0,5,0
pinot-minion/pinot-core,com.linkedin.pinot.core.query.reduce,EqualComparison,76,0,4,0,18,0,6,0,4,0
pinot-minion/pinot-core,com.linkedin.pinot.core.query.reduce,NotEqualComparison,76,0,4,0,18,0,6,0,4,0
pinot-minion/pinot-core,com.linkedin.pinot.core.query.reduce,LessEqualComparison,76,0,4,0,18,0,6,0,4,0
pinot-minion/pinot-core,com.linkedin.pinot.core.query.reduce,InAndNotInComparison,128,0,14,0,31,0,11,0,4,0
pinot-minion/pinot-core,com.linkedin.pinot.core.query.reduce,BrokerReduceService.new Object() {...},3,23,0,0,0,1,0,1,0,1
pinot-minion/pinot-core,com.linkedin.pinot.core.query.reduce,CombineService,117,62,25,7,31,17,16,3,1,2
pinot-minion/pinot-core,com.linkedin.pinot.core.query.reduce,LessThanComparison,76,0,4,0,18,0,6,0,4,0
pinot-minion/pinot-core,com.linkedin.pinot.core.query.reduce,GreaterEqualComparison,76,0,4,0,18,0,6,0,4,0
pinot-minion/pinot-core,com.linkedin.pinot.core.query.reduce,BrokerReduceService,338,555,56,56,65,133,41,23,2,5
pinot-minion/pinot-core,com.linkedin.pinot.core.segment.creator.impl.inv,OffHeapBitmapInvertedIndexCreator,144,546,26,30,9,87,18,16,0,6
pinot-minion/pinot-core,com.linkedin.pinot.core.segment.creator.impl.inv,OnHeapBitmapInvertedIndexCreator,38,161,7,11,2,27,5,10,0,6
pinot-minion/pinot-core,com.linkedin.pinot.core.realtime.impl.fwdindex,ByteBufferUtils,112,0,14,0,32,0,13,0,3,0
pinot-minion/pinot-core,com.linkedin.pinot.core.realtime.impl.fwdindex,ByteBufferUtils.new Object() {...},33,0,0,0,1,0,1,0,1,0
pinot-minion/pinot-core,com.linkedin.pinot.core.realtime.impl.fwdindex,DimensionTuple,77,0,2,0,21,0,8,0,7,0
pinot-minion/pinot-core,com.linkedin.pinot.core.data.manager.realtime,HLRealtimeSegmentDataManager.new Runnable() {...},519,0,26,0,96,0,15,0,2,0
pinot-minion/pinot-core,com.linkedin.pinot.core.data.manager.realtime,HLRealtimeSegmentDataManager.new TimerTask() {...},10,0,0,0,3,0,2,0,2,0
pinot-minion/pinot-core,com.linkedin.pinot.core.data.manager.realtime,LLRealtimeSegmentDataManager,1255,889,96,48,248,171,76,28,21,9
pinot-minion/pinot-core,com.linkedin.pinot.core.data.manager.realtime,SegmentBuildTimeLeaseExtender.LeaseExtender,52,9,8,0,16,3,5,1,1,1
pinot-minion/pinot-core,com.linkedin.pinot.core.data.manager.realtime,LLRealtimeSegmentDataManager.State,5,149,0,14,0,13,1,12,1,5
pinot-minion/pinot-core,com.linkedin.pinot.core.data.manager.realtime,HLRealtimeSegmentDataManager,461,0,16,0,84,0,15,0,7,0
pinot-minion/pinot-core,com.linkedin.pinot.core.data.manager.realtime,RealtimeTableDataManager.new FilenameFilter() {...},14,0,2,0,2,0,3,0,2,0
pinot-minion/pinot-core,com.linkedin.pinot.core.data.manager.realtime,LLRealtimeSegmentDataManager.PartitionConsumer,45,317,5,22,10,64,5,13,0,2
pinot-minion/pinot-core,com.linkedin.pinot.core.data.manager.realtime,SegmentBuildTimeLeaseExtender,24,119,3,5,6,27,3,8,1,6
pinot-minion/pinot-core,com.linkedin.pinot.core.data.manager.realtime,RealtimeSegmentDataManager,9,11,3,1,1,3,2,2,0,2
pinot-minion/pinot-core,com.linkedin.pinot.core.data.manager.realtime,TimerService,10,0,0,0,2,0,2,0,2,0
pinot-minion/pinot-core,com.linkedin.pinot.core.data.manager.realtime,RealtimeTableDataManager,659,0,40,0,122,0,32,0,12,0
pinot-minion/pinot-core,com.linkedin.pinot.core.data.manager.realtime,LLRealtimeSegmentDataManager.new Object() {...},14,93,0,0,0,2,0,1,0,1
pinot-minion/pinot-core,com.linkedin.pinot.core.data.manager.realtime,LLRealtimeSegmentDataManager.SegmentFileAndOffset,0,29,0,2,0,9,0,5,0,4
pinot-minion/pinot-core,com.linkedin.pinot.core.segment.index.converter,SegmentV1V2ToV3FormatConverter,237,509,40,34,20,88,29,24,1,15
pinot-minion/pinot-core,com.linkedin.pinot.core.segment.index.converter,SegmentFormatConverterFactory,23,12,4,2,3,2,4,1,1,1
pinot-minion/pinot-core,com.linkedin.pinot.core.segment.index.converter,SegmentV1V2ToV3FormatConverter.new FilenameFilter() {...},0,14,0,0,0,2,0,2,0,2
pinot-minion/pinot-core,com.linkedin.pinot.core.util.trace,TraceContext.Trace,29,49,2,2,5,10,2,4,1,3
pinot-minion/pinot-core,com.linkedin.pinot.core.util.trace,TraceContext.Trace.LogEntry,0,18,0,0,0,5,0,2,0,2
pinot-minion/pinot-core,com.linkedin.pinot.core.util.trace,TraceContext,51,80,3,1,9,19,5,8,3,8
pinot-minion/pinot-core,com.linkedin.pinot.core.util.trace,TraceContext.new ThreadLocal() {...},0,5,0,0,0,2,0,2,0,2
pinot-minion/pinot-core,com.linkedin.pinot.core.util.trace,TraceRunnable,7,20,2,4,0,9,1,4,0,2
pinot-minion/pinot-core,com.linkedin.pinot.core.util.trace,TraceContext.TraceEntry,0,9,0,0,0,4,0,1,0,1
pinot-minion/pinot-core,com.linkedin.pinot.core.util.trace,TraceCallable,5,23,3,3,1,7,3,2,0,2
pinot-minion/pinot-core,com.linkedin.pinot.core.operator,BReusableFilteredDocIdSetOperator,3,96,1,11,1,23,2,9,1,4
pinot-minion/pinot-core,com.linkedin.pinot.core.operator,BReusableFilteredDocIdSetOperator.new ThreadLocal() {...},0,6,0,0,0,2,0,2,0,2
pinot-minion/pinot-core,com.linkedin.pinot.core.operator,UResultOperator,2,13,0,0,1,4,1,2,1,2
pinot-minion/pinot-core,com.linkedin.pinot.core.operator,MCombineGroupByOperator.new TraceRunnable() {...},45,136,2,10,4,25,2,6,0,2
pinot-minion/pinot-core,com.linkedin.pinot.core.operator,MCombineOperator,44,201,1,9,11,39,2,7,1,3
pinot-minion/pinot-core,com.linkedin.pinot.core.operator,BaseOperator,29,12,1,1,8,4,2,3,1,3
pinot-minion/pinot-core,com.linkedin.pinot.core.operator,ExecutionStatistics,25,59,0,0,1,17,1,7,1,7
pinot-minion/pinot-core,com.linkedin.pinot.core.operator,MCombineGroupByOperator,118,213,18,16,8,45,13,9,1,4
pinot-minion/pinot-core,com.linkedin.pinot.core.operator,MProjectionOperator,11,93,0,4,3,19,3,6,3,4
pinot-minion/pinot-core,com.linkedin.pinot.core.operator,MCombineOperator.new TraceRunnable() {...},33,52,4,6,8,11,4,4,0,3
pinot-minion/pinot-core,com.linkedin.pinot.core.operator,MCombineOperator.new TraceCallable() {...},10,93,2,6,3,18,2,4,0,2
pinot-minion/pinot-core,com.linkedin.pinot.core.query.scheduler.resources,UnboundedResourceManager,5,16,0,0,1,4,1,3,1,3
pinot-minion/pinot-core,com.linkedin.pinot.core.query.scheduler.resources,BoundedAccountingExecutor.QueryAccountingRunnable,12,35,4,2,0,13,3,2,0,2
pinot-minion/pinot-core,com.linkedin.pinot.core.query.scheduler.resources,PolicyBasedResourceManager,7,66,2,2,2,14,2,5,0,5
pinot-minion/pinot-core,com.linkedin.pinot.core.query.scheduler.resources,ResourceLimitPolicy,21,111,2,2,2,17,2,6,0,6
pinot-minion/pinot-core,com.linkedin.pinot.core.query.scheduler.resources,UnboundedResourceManager.new QueryExecutorService() {...},13,0,0,0,3,0,2,0,2,0
pinot-minion/pinot-core,com.linkedin.pinot.core.query.scheduler.resources,QueryExecutorService,58,7,0,0,15,2,13,2,13,2
pinot-minion/pinot-core,com.linkedin.pinot.core.query.scheduler.resources,BoundedAccountingExecutor,11,65,1,1,3,19,1,6,0,6
pinot-minion/pinot-core,com.linkedin.pinot.core.query.scheduler.resources,ResourceManager,3,100,0,2,1,21,1,8,1,7
pinot-minion/pinot-core,com.linkedin.pinot.core.segment.index.column,ColumnIndexContainer.new Object() {...},5,35,0,0,0,1,0,1,0,1
pinot-minion/pinot-core,com.linkedin.pinot.core.segment.index.column,ColumnIndexContainer,24,241,3,28,2,45,3,22,0,7
pinot-minion/pinot-core,com.linkedin.pinot.core.data.partition,PartitionFunctionFactory.new Object() {...},3,23,0,0,0,1,0,1,0,1
pinot-minion/pinot-core,com.linkedin.pinot.core.data.partition,PartitionFunctionFactory,15,23,1,3,3,5,2,3,1,1
pinot-minion/pinot-core,com.linkedin.pinot.core.data.partition,PartitionFunctionFactory.PartitionFunctionType,17,80,1,3,1,11,2,5,1,4
pinot-minion/pinot-core,com.linkedin.pinot.core.data.partition,ByteArrayPartitionFunction,1,39,1,1,0,8,1,4,0,4
pinot-minion/pinot-core,com.linkedin.pinot.core.data.partition,ModuloPartitionFunction,25,34,4,2,3,8,3,4,0,4
pinot-minion/pinot-core,com.linkedin.pinot.core.data.partition,MurmurPartitionFunction,3,45,2,2,0,9,2,5,0,5
pinot-minion/pinot-core,com.linkedin.pinot.core.indexsegment.generator,SegmentGeneratorConfig,454,599,21,21,98,155,33,65,20,57
pinot-minion/pinot-core,com.linkedin.pinot.core.indexsegment.generator,SegmentVersion,0,48,0,0,0,4,0,4,0,4
pinot-minion/pinot-core,com.linkedin.pinot.core.indexsegment.generator,SegmentGeneratorConfig.TimeColumnType,5,33,0,0,0,2,1,3,1,3
pinot-minion/pinot-core,com.linkedin.pinot.core.query.pruner,ValidSegmentPruner,4,12,1,1,2,5,2,3,1,3
pinot-minion/pinot-core,com.linkedin.pinot.core.query.pruner,SegmentPrunerServiceImpl,15,71,4,8,6,13,5,5,1,3
pinot-minion/pinot-core,com.linkedin.pinot.core.query.pruner,AbstractSegmentPruner,43,65,7,12,8,18,7,8,0,3
pinot-minion/pinot-core,com.linkedin.pinot.core.query.pruner,ColumnValueSegmentPruner,30,173,15,47,8,50,13,23,1,4
pinot-minion/pinot-core,com.linkedin.pinot.core.query.pruner,PartitionSegmentPruner,4,104,5,17,2,26,5,11,0,5
pinot-minion/pinot-core,com.linkedin.pinot.core.query.pruner,AbstractSegmentPruner.new Object() {...},7,51,0,0,0,2,0,1,0,1
pinot-minion/pinot-core,com.linkedin.pinot.core.query.pruner,SegmentPrunerProvider,30,42,1,1,6,11,2,2,1,2
pinot-minion/pinot-core,com.linkedin.pinot.core.query.pruner,DataSchemaSegmentPruner,135,55,37,9,28,13,23,5,2,3
pinot-minion/pinot-core,com.linkedin.pinot.core.io.reader.impl,UnSortedValueReaderContext,0,3,0,0,0,1,0,1,0,1
pinot-minion/pinot-core,com.linkedin.pinot.core.io.reader.impl,FixedByteSingleValueMultiColReader,119,212,17,13,19,43,19,16,6,14
pinot-minion/pinot-core,com.linkedin.pinot.core.io.reader.impl,ChunkReaderContext,0,20,0,0,0,8,0,4,0,4
pinot-minion/pinot-core,com.linkedin.pinot.core.io.writer.impl,MmapMemoryManager.new FilenameFilter() {...},0,12,0,0,0,2,0,2,0,2
pinot-minion/pinot-core,com.linkedin.pinot.core.io.writer.impl,OffHeapStringStore.Buffer,2,170,1,9,1,31,1,10,0,6
pinot-minion/pinot-core,com.linkedin.pinot.core.io.writer.impl,FixedByteSingleValueMultiColWriter,18,216,0,4,4,44,2,12,2,10
pinot-minion/pinot-core,com.linkedin.pinot.core.io.writer.impl,DirectMemoryManager,0,20,0,0,0,6,0,4,0,4
pinot-minion/pinot-core,com.linkedin.pinot.core.io.writer.impl,MutableOffHeapByteArrayStore,61,214,6,12,10,45,6,14,2,9
pinot-minion/pinot-core,com.linkedin.pinot.core.io.writer.impl,MutableOffHeapByteArrayStore.Buffer,2,210,1,17,1,41,1,15,0,7
pinot-minion/pinot-core,com.linkedin.pinot.core.io.writer.impl,OffHeapStringStore,14,164,1,9,1,37,1,12,0,8
pinot-minion/pinot-core,com.linkedin.pinot.core.io.writer.impl,MmapMemoryManager,49,273,4,12,9,55,4,12,0,8
pinot-minion/pinot-core,com.linkedin.pinot.core.query.scheduler,TableBasedGroupMapper,0,7,0,0,0,2,0,2,0,2
pinot-minion/pinot-core,com.linkedin.pinot.core.query.scheduler,OutOfCapacityError,0,4,0,0,0,2,0,1,0,1
pinot-minion/pinot-core,com.linkedin.pinot.core.query.scheduler,PriorityScheduler.new Runnable() {...},25,76,3,5,8,19,2,4,0,2
pinot-minion/pinot-core,com.linkedin.pinot.core.query.scheduler,PriorityScheduler,13,135,0,10,3,35,0,12,0,7
pinot-minion/pinot-core,com.linkedin.pinot.core.query.scheduler,AbstractSchedulerGroup,0,129,0,4,0,39,0,19,0,17
pinot-minion/pinot-core,com.linkedin.pinot.core.query.scheduler,PriorityScheduler.1.new Runnable() {...},0,49,0,4,0,8,0,4,0,2
pinot-minion/pinot-core,com.linkedin.pinot.core.query.scheduler,QueryScheduler,48,203,1,1,9,39,2,9,1,9
pinot-minion/pinot-core,com.linkedin.pinot.core.query.scheduler,QuerySchedulerFactory,113,0,8,0,24,0,8,0,4,0
pinot-minion/pinot-core,com.linkedin.pinot.core.query.scheduler,SchedulerQueryContext,0,36,0,0,0,13,0,7,0,7
pinot-minion/pinot-core,com.linkedin.pinot.core.query.scheduler,QueryScheduler.new Callable() {...},0,20,0,0,0,2,0,2,0,2
pinot-minion/pinot-core,com.linkedin.pinot.core.query.scheduler,MultiLevelPriorityQueue,75,346,10,30,5,83,8,22,0,10
pinot-minion/pinot-core,com.linkedin.pinot.core.segment.index.loader.defaultcolumn,V1DefaultColumnHandler,0,25,1,1,0,8,1,3,0,3
pinot-minion/pinot-core,com.linkedin.pinot.core.segment.index.loader.defaultcolumn,BaseDefaultColumnHandler.new Object() {...},11,79,0,0,0,3,0,1,0,1
pinot-minion/pinot-core,com.linkedin.pinot.core.segment.index.loader.defaultcolumn,BaseDefaultColumnHandler,112,541,21,45,15,117,17,26,0,6
pinot-minion/pinot-core,com.linkedin.pinot.core.segment.index.loader.defaultcolumn,DefaultColumnHandlerFactory,3,20,0,2,2,3,1,2,1,1
pinot-minion/pinot-core,com.linkedin.pinot.core.segment.index.loader.defaultcolumn,V3DefaultColumnHandler,14,99,2,4,1,19,2,4,0,3
pinot-minion/pinot-core,com.linkedin.pinot.core.segment.index.loader.defaultcolumn,BaseDefaultColumnHandler.DefaultColumnAction,7,81,2,2,0,8,3,4,1,4
pinot-minion/pinot-core,com.linkedin.pinot.core.operator.dociditerators,BitmapDocIdIterator,39,79,8,12,6,22,9,8,2,5
pinot-minion/pinot-core,com.linkedin.pinot.core.operator.dociditerators,SVScanDocIdIterator.FloatMatcher,10,0,0,0,2,0,2,0,2,0
pinot-minion/pinot-core,com.linkedin.pinot.core.operator.dociditerators,SVScanDocIdIterator.LongMatcher,10,0,0,0,2,0,2,0,2,0
pinot-minion/pinot-core,com.linkedin.pinot.core.operator.dociditerators,SVScanDocIdIterator.StringMatcher,10,0,0,0,2,0,2,0,2,0
pinot-minion/pinot-core,com.linkedin.pinot.core.operator.dociditerators,MVScanDocIdIterator,140,123,20,10,33,33,18,7,4,6
pinot-minion/pinot-core,com.linkedin.pinot.core.operator.dociditerators,SVScanDocIdIterator.new Object() {...},40,0,0,0,1,0,1,0,1,0
pinot-minion/pinot-core,com.linkedin.pinot.core.operator.dociditerators,SVScanDocIdIterator.ValueMatcher,0,7,0,0,0,3,0,2,0,2
pinot-minion/pinot-core,com.linkedin.pinot.core.operator.dociditerators,SVScanDocIdIterator.DoubleMatcher,10,0,0,0,2,0,2,0,2,0
pinot-minion/pinot-core,com.linkedin.pinot.core.operator.dociditerators,ArrayBasedDocIdIterator,7,86,2,10,3,20,3,7,1,3
pinot-minion/pinot-core,com.linkedin.pinot.core.operator.dociditerators,OrDocIdIterator,11,230,3,33,4,59,4,19,1,4
pinot-minion/pinot-core,com.linkedin.pinot.core.operator.dociditerators,SortedDocIdIterator,129,104,19,9,20,16,14,5,3,2
pinot-minion/pinot-core,com.linkedin.pinot.core.operator.dociditerators,SVScanDocIdIterator.IntMatcher,0,10,0,0,0,2,0,2,0,2
pinot-minion/pinot-core,com.linkedin.pinot.core.operator.dociditerators,EmptyBlockDocIdIterator,4,12,0,0,2,5,2,4,2,4
pinot-minion/pinot-core,com.linkedin.pinot.core.operator.dociditerators,SizeBasedDocIdIterator,16,24,2,2,5,7,3,3,2,2
pinot-minion/pinot-core,com.linkedin.pinot.core.operator.dociditerators,AndDocIdIterator,113,146,18,18,22,36,14,10,2,4
pinot-minion/pinot-core,com.linkedin.pinot.core.operator.dociditerators,SVScanDocIdIterator,98,197,15,23,19,52,17,15,4,7
pinot-minion/pinot-core,com.linkedin.pinot.core.operator.dociditerators,RangelessBitmapDocIdIterator,23,53,2,10,3,15,3,7,1,3
pinot-minion/pinot-core,com.linkedin.pinot.core.query.scheduler.fcfs,BoundedFCFSScheduler,40,0,0,0,8,0,4,0,4,0
pinot-minion/pinot-core,com.linkedin.pinot.core.query.scheduler.fcfs,FCFSSchedulerGroup,4,58,4,16,2,20,4,9,0,3
pinot-minion/pinot-core,com.linkedin.pinot.core.query.scheduler.fcfs,FCFSQueryScheduler,52,0,2,0,15,0,6,0,5,0
pinot-minion/pinot-core,com.linkedin.pinot.core.query.scheduler.fcfs,BoundedFCFSScheduler.new SchedulerGroupFactory() {...},8,0,0,0,2,0,2,0,2,0
pinot-minion/pinot-core,com.linkedin.pinot.core.io.readerwriter,BaseSingleColumnSingleValueReaderWriter,72,21,0,0,18,6,18,6,18,6
pinot-minion/pinot-core,com.linkedin.pinot.core.io.readerwriter,RealtimeIndexOffHeapMemoryManager,11,120,2,6,3,26,2,6,0,4
pinot-minion/pinot-core,com.linkedin.pinot.core.io.readerwriter,BaseSingleColumnMultiValueReaderWriter,64,10,0,0,16,3,16,3,16,3
pinot-minion/pinot-core,com.linkedin.pinot.core.plan,SelectionPlanNode,84,85,4,6,9,13,4,5,1,3
pinot-minion/pinot-core,com.linkedin.pinot.core.plan,TransformPlanNode.new ThreadLocal() {...},0,7,0,0,0,2,0,2,0,2
pinot-minion/pinot-core,com.linkedin.pinot.core.plan,FilterPlanNode,34,172,4,18,6,41,5,11,1,4
pinot-minion/pinot-core,com.linkedin.pinot.core.plan,InstanceResponsePlanNode,42,30,0,0,5,9,1,3,1,3
pinot-minion/pinot-core,com.linkedin.pinot.core.plan,AggregationPlanNode,69,43,0,0,7,9,1,3,1,3
pinot-minion/pinot-core,com.linkedin.pinot.core.plan,AggregationFunctionInitializer,6,12,0,0,2,5,1,2,1,2
pinot-minion/pinot-core,com.linkedin.pinot.core.plan,AggregationGroupByPlanNode,82,59,0,0,8,12,1,3,1,3
pinot-minion/pinot-core,com.linkedin.pinot.core.plan,CombinePlanNode,112,159,9,15,12,29,7,9,1,3
pinot-minion/pinot-core,com.linkedin.pinot.core.plan,ColumnarDataSourcePlanNode,48,19,0,0,5,6,1,3,1,3
pinot-minion/pinot-core,com.linkedin.pinot.core.plan,GlobalPlanImplV0,5,41,0,0,2,12,1,3,1,3
pinot-minion/pinot-core,com.linkedin.pinot.core.plan,MetadataBasedAggregationPlanNode,83,77,5,5,15,13,5,4,1,3
pinot-minion/pinot-core,com.linkedin.pinot.core.plan,CombinePlanNode.new TraceCallable() {...},0,18,0,0,0,2,0,2,0,2
pinot-minion/pinot-core,com.linkedin.pinot.core.plan,DictionaryBasedAggregationPlanNode,16,71,0,4,4,11,1,5,1,3
pinot-minion/pinot-core,com.linkedin.pinot.core.plan,DocIdSetPlanNode,62,76,3,1,8,18,3,4,1,4
pinot-minion/pinot-core,com.linkedin.pinot.core.plan,TransformPlanNode,92,165,9,15,14,38,10,9,2,5
pinot-minion/pinot-core,com.linkedin.pinot.core.plan,ProjectionPlanNode,78,109,3,5,10,21,3,5,1,3
pinot-minion/pinot-core,com.linkedin.pinot.core.realtime.converter,RealtimeSegmentConverter,102,217,20,14,16,51,15,5,0,3
pinot-minion/pinot-core,com.linkedin.pinot.core.realtime.converter,RealtimeSegmentRecordReader,42,54,1,3,8,15,3,8,2,7
pinot-minion/pinot-core,com.linkedin.pinot.core.data.extractors,PlainFieldExtractor,80,465,5,47,19,112,7,33,2,12
pinot-minion/pinot-core,com.linkedin.pinot.core.data.extractors,PinotDataType.new PinotDataType() {...},16,28,0,0,3,6,3,6,3,6
pinot-minion/pinot-core,com.linkedin.pinot.core.data.extractors,PinotDataType.new PinotDataType() {...},16,28,0,0,3,6,3,6,3,6
pinot-minion/pinot-core,com.linkedin.pinot.core.data.extractors,PinotDataType.new PinotDataType() {...},16,28,0,0,3,6,3,6,3,6
pinot-minion/pinot-core,com.linkedin.pinot.core.data.extractors,PinotDataType.new PinotDataType() {...},16,28,0,0,3,6,3,6,3,6
pinot-minion/pinot-core,com.linkedin.pinot.core.data.extractors,PinotDataType.new PinotDataType() {...},49,62,0,0,5,5,5,5,5,5
pinot-minion/pinot-core,com.linkedin.pinot.core.data.extractors,PinotDataType.new PinotDataType() {...},18,26,0,0,4,5,4,5,4,5
pinot-minion/pinot-core,com.linkedin.pinot.core.data.extractors,PinotDataType.new PinotDataType() {...},19,29,0,0,4,5,4,5,4,5
pinot-minion/pinot-core,com.linkedin.pinot.core.data.extractors,PinotDataType.new PinotDataType() {...},18,26,0,0,4,5,4,5,4,5
pinot-minion/pinot-core,com.linkedin.pinot.core.data.extractors,FieldExtractorFactory,9,5,0,0,2,1,2,1,2,1
pinot-minion/pinot-core,com.linkedin.pinot.core.data.extractors,PinotDataType.new PinotDataType() {...},21,30,0,0,4,6,4,6,4,6
pinot-minion/pinot-core,com.linkedin.pinot.core.data.extractors,PinotDataType.new Object() {...},18,117,0,0,0,2,0,1,0,1
pinot-minion/pinot-core,com.linkedin.pinot.core.data.extractors,PinotDataType.new PinotDataType() {...},8,10,0,0,1,2,1,2,1,2
pinot-minion/pinot-core,com.linkedin.pinot.core.data.extractors,PinotDataType.new PinotDataType() {...},18,6,0,0,1,1,1,1,1,1
pinot-minion/pinot-core,com.linkedin.pinot.core.data.extractors,PinotDataType.new PinotDataType() {...},0,10,0,0,0,2,0,2,0,2
pinot-minion/pinot-core,com.linkedin.pinot.core.data.extractors,PinotDataType.new PinotDataType() {...},0,10,0,0,0,2,0,2,0,2
pinot-minion/pinot-core,com.linkedin.pinot.core.data.extractors,PinotDataType.new PinotDataType() {...},0,10,0,0,0,2,0,2,0,2
pinot-minion/pinot-core,com.linkedin.pinot.core.data.extractors,PinotDataType.new PinotDataType() {...},0,10,0,0,0,2,0,2,0,2
pinot-minion/pinot-core,com.linkedin.pinot.core.data.extractors,PinotDataType.new PinotDataType() {...},4,6,0,0,1,1,1,1,1,1
pinot-minion/pinot-core,com.linkedin.pinot.core.data.extractors,PinotDataType.new PinotDataType() {...},60,62,0,0,4,5,4,5,4,5
pinot-minion/pinot-core,com.linkedin.pinot.core.data.extractors,PinotDataType.new PinotDataType() {...},4,6,0,0,1,1,1,1,1,1
pinot-minion/pinot-core,com.linkedin.pinot.core.data.extractors,PinotDataType.new PinotDataType() {...},4,6,0,0,1,1,1,1,1,1
pinot-minion/pinot-core,com.linkedin.pinot.core.data.extractors,PinotDataType,231,537,24,48,37,91,23,45,8,16
pinot-minion/pinot-core,com.linkedin.pinot.core.common,DataFetcher,156,515,6,20,31,109,7,27,4,17
pinot-minion/pinot-core,com.linkedin.pinot.core.common,MinionConstants,3,0,0,0,2,0,1,0,1,0
pinot-minion/pinot-core,com.linkedin.pinot.core.common,Constants,3,0,0,0,1,0,1,0,1,0
pinot-minion/pinot-core,com.linkedin.pinot.core.common,DataSource,0,3,0,0,0,1,0,1,0,1
pinot-minion/pinot-core,com.linkedin.pinot.core.common,BlockMultiValIterator,24,3,0,0,6,1,6,1,6,1
pinot-minion/pinot-core,com.linkedin.pinot.core.common,MinionConstants.ConvertToRawIndexTask,3,0,0,0,1,0,1,0,1,0
pinot-minion/pinot-core,com.linkedin.pinot.core.common,BlockSingleValIterator,28,3,0,0,7,1,7,1,7,1
pinot-minion/pinot-core,com.linkedin.pinot.core.common,MinionConstants.PurgeTask,3,0,0,0,1,0,1,0,1,0
pinot-minion/pinot-core,com.linkedin.pinot.core.common,DataFetcher.new ThreadLocal() {...},0,6,0,0,0,2,0,2,0,2
pinot-minion/pinot-core,com.linkedin.pinot.core.common,DataFetcher.new ThreadLocal() {...},0,6,0,0,0,2,0,2,0,2
pinot-minion/pinot-core,com.linkedin.pinot.core.common,BaseBlockValSet,88,3,0,0,22,1,22,1,22,1
pinot-minion/pinot-core,com.linkedin.pinot.core.common,Predicate,58,82,7,8,5,25,8,9,2,5
pinot-minion/pinot-core,com.linkedin.pinot.core.common,Predicate.new Object() {...},6,41,0,0,0,1,0,1,0,1
pinot-minion/pinot-core,com.linkedin.pinot.core.common,DataBlockCache,140,593,21,35,27,122,19,29,4,16
pinot-minion/pinot-core,com.linkedin.pinot.core.common,Predicate.Type,5,83,0,4,0,8,1,6,1,4
pinot-minion/pinot-core,com.linkedin.pinot.core.query.scheduler.tokenbucket,TokenSchedulerGroup.TokenLockManager,0,16,0,0,0,6,0,2,0,2
pinot-minion/pinot-core,com.linkedin.pinot.core.query.scheduler.tokenbucket,TokenSchedulerGroup,113,203,18,12,13,40,15,10,3,7
pinot-minion/pinot-core,com.linkedin.pinot.core.query.scheduler.tokenbucket,TokenPriorityScheduler,37,0,0,0,7,0,3,0,3,0
pinot-minion/pinot-core,com.linkedin.pinot.core.query.scheduler.tokenbucket,TokenPriorityScheduler.new SchedulerGroupFactory() {...},31,0,0,0,5,0,2,0,2,0
pinot-minion/pinot-core,com.linkedin.pinot.core.operator.docidsets,ArrayBasedDocIdSet,6,17,0,0,2,5,2,2,2,2
pinot-minion/pinot-core,com.linkedin.pinot.core.operator.docidsets,BitmapDocIdSet,12,95,2,8,2,31,2,11,0,8
pinot-minion/pinot-core,com.linkedin.pinot.core.operator.docidsets,ScanBasedSingleValueDocIdSet,5,56,0,0,1,17,1,7,1,7
pinot-minion/pinot-core,com.linkedin.pinot.core.operator.docidsets,StarTreeDocIdSet.RangeBasedDocIdIterator,81,0,10,0,17,0,9,0,4,0
pinot-minion/pinot-core,com.linkedin.pinot.core.operator.docidsets,SortedDocIdSet,8,71,3,5,3,18,4,9,1,8
pinot-minion/pinot-core,com.linkedin.pinot.core.operator.docidsets,StarTreeDocIdSet,42,0,0,0,13,0,8,0,8,0
pinot-minion/pinot-core,com.linkedin.pinot.core.operator.docidsets,OrBlockDocIdSet,107,129,12,10,23,30,8,11,1,7
pinot-minion/pinot-core,com.linkedin.pinot.core.operator.docidsets,AndBlockDocIdSet,293,377,35,39,60,85,23,26,2,10
pinot-minion/pinot-core,com.linkedin.pinot.core.operator.docidsets,ScanBasedMultiValueDocIdSet,5,47,0,0,1,14,1,7,1,7
pinot-minion/pinot-core,com.linkedin.pinot.core.operator.docidsets,EmptyFilterBlockDocIdSet,22,0,0,0,11,0,10,0,10,0
pinot-minion/pinot-core,com.linkedin.pinot.core.operator.docidsets,SizeBasedDocIdSet,11,14,0,0,5,5,5,3,5,3
pinot-minion/pinot-core,com.linkedin.pinot.core.operator.docidsets,BitmapBasedBlockDocIdSet,15,0,0,0,5,0,3,0,3,0
pinot-minion/pinot-core,com.linkedin.pinot.core.query.aggregation.function.customobject,QuantileDigest.SizeOf,3,0,0,0,1,0,1,0,1,0
pinot-minion/pinot-core,com.linkedin.pinot.core.query.aggregation.function.customobject,AvgPair,2,118,1,9,1,30,1,13,0,9
pinot-minion/pinot-core,com.linkedin.pinot.core.query.aggregation.function.customobject,QuantileDigest.new QuantileDigest.Callback() {...},16,0,0,0,3,0,2,0,2,0
pinot-minion/pinot-core,com.linkedin.pinot.core.query.aggregation.function.customobject,QuantileDigest.new QuantileDigest.Callback() {...},4,18,0,0,2,4,0,2,0,2
pinot-minion/pinot-core,com.linkedin.pinot.core.query.aggregation.function.customobject,QuantileDigest.new QuantileDigest.Callback() {...},0,117,0,20,0,22,0,12,0,2
pinot-minion/pinot-core,com.linkedin.pinot.core.query.aggregation.function.customobject,QuantileDigest.new QuantileDigest.Callback() {...},4,28,1,3,1,5,1,3,0,2
pinot-minion/pinot-core,com.linkedin.pinot.core.query.aggregation.function.customobject,QuantileDigest.new QuantileDigest.Callback() {...},36,0,2,0,6,0,3,0,2,0
pinot-minion/pinot-core,com.linkedin.pinot.core.query.aggregation.function.customobject,QuantileDigest.new QuantileDigest.Callback() {...},0,61,0,4,0,9,0,4,0,2
pinot-minion/pinot-core,com.linkedin.pinot.core.query.aggregation.function.customobject,QuantileDigest.new QuantileDigest.Callback() {...},98,0,4,0,12,0,4,0,2,0
pinot-minion/pinot-core,com.linkedin.pinot.core.query.aggregation.function.customobject,QuantileDigest.new QuantileDigest.Callback() {...},23,0,2,0,5,0,3,0,2,0
pinot-minion/pinot-core,com.linkedin.pinot.core.query.aggregation.function.customobject,QuantileDigest.new QuantileDigest.Callback() {...},23,0,2,0,5,0,3,0,2,0
pinot-minion/pinot-core,com.linkedin.pinot.core.query.aggregation.function.customobject,QuantileDigest.Bucket,109,0,14,0,22,0,13,0,6,0
pinot-minion/pinot-core,com.linkedin.pinot.core.query.aggregation.function.customobject,MinMaxRangePair,34,73,6,6,9,20,5,10,1,8
pinot-minion/pinot-core,com.linkedin.pinot.core.query.aggregation.function.customobject,QuantileDigest.Flags,3,0,0,0,1,0,1,0,1,0
pinot-minion/pinot-core,com.linkedin.pinot.core.query.aggregation.function.customobject,QuantileDigest.TraversalOrder,9,29,0,0,0,2,2,2,2,2
pinot-minion/pinot-core,com.linkedin.pinot.core.query.aggregation.function.customobject,QuantileDigest.new Function() {...},10,0,0,0,2,0,2,0,2,0
pinot-minion/pinot-core,com.linkedin.pinot.core.query.aggregation.function.customobject,QuantileDigest.Node,163,74,24,12,13,14,18,11,5,6
pinot-minion/pinot-core,com.linkedin.pinot.core.query.aggregation.function.customobject,QuantileDigest.SerializationHolder,22,0,0,0,10,0,5,0,5,0
pinot-minion/pinot-core,com.linkedin.pinot.core.query.aggregation.function.customobject,QuantileDigest.Builder,26,0,0,0,7,0,4,0,4,0
pinot-minion/pinot-core,com.linkedin.pinot.core.query.aggregation.function.customobject,QuantileDigest,869,952,95,89,128,202,84,62,23,31
pinot-minion/pinot-core,com.linkedin.pinot.core.segment.creator.impl,SegmentColumnarIndexCreator,70,1167,10,68,9,216,10,43,0,12
pinot-minion/pinot-core,com.linkedin.pinot.core.segment.creator.impl,SegmentIndexCreationDriverImpl.new Object() {...},2,17,0,0,0,1,0,1,0,1
pinot-minion/pinot-core,com.linkedin.pinot.core.segment.creator.impl,V1Constants.MetadataKeys.StarTree,3,0,0,0,1,0,1,0,1,0
pinot-minion/pinot-core,com.linkedin.pinot.core.segment.creator.impl,V1Constants,3,0,0,0,2,0,1,0,1,0
pinot-minion/pinot-core,com.linkedin.pinot.core.segment.creator.impl,SegmentDictionaryCreator.new Object() {...},6,41,0,0,0,1,0,1,0,1
pinot-minion/pinot-core,com.linkedin.pinot.core.segment.creator.impl,V1Constants.Str,7,0,0,0,2,0,2,0,2,0
pinot-minion/pinot-core,com.linkedin.pinot.core.segment.creator.impl,V1Constants.MetadataKeys.Column,3,13,0,0,1,1,1,1,1,1
pinot-minion/pinot-core,com.linkedin.pinot.core.segment.creator.impl,V1Constants.MetadataKeys,3,0,0,0,2,0,1,0,1,0
pinot-minion/pinot-core,com.linkedin.pinot.core.segment.creator.impl,SegmentColumnarIndexCreator.new Object() {...},5,35,0,0,0,1,0,1,0,1
pinot-minion/pinot-core,com.linkedin.pinot.core.segment.creator.impl,V1Constants.Indexes,3,0,0,0,1,0,1,0,1,0
pinot-minion/pinot-core,com.linkedin.pinot.core.segment.creator.impl,V1Constants.Numbers,3,13,0,0,1,4,1,1,1,1
pinot-minion/pinot-core,com.linkedin.pinot.core.segment.creator.impl,V1Constants.Dict,3,29,0,0,1,4,1,1,1,1
pinot-minion/pinot-core,com.linkedin.pinot.core.segment.creator.impl,V1Constants.MetadataKeys.Segment,3,0,0,0,1,0,1,0,1,0
pinot-minion/pinot-core,com.linkedin.pinot.core.segment.creator.impl,SegmentIndexCreationDriverImpl,154,1063,22,51,18,227,19,41,1,22
pinot-minion/pinot-core,com.linkedin.pinot.core.segment.creator.impl,SegmentCreationDriverFactory,3,4,0,0,1,1,1,1,1,1
pinot-minion/pinot-core,com.linkedin.pinot.core.segment.creator.impl,SegmentDictionaryCreator,129,657,16,48,15,117,12,34,0,8
pinot-minion/pinot-core,com.linkedin.pinot.core.segment.index.loader.columnminmaxvalue,ColumnMinMaxValueGenerator.new Object() {...},5,35,0,0,0,1,0,1,0,1
pinot-minion/pinot-core,com.linkedin.pinot.core.segment.index.loader.columnminmaxvalue,ColumnMinMaxValueGenerator,223,211,39,25,9,49,25,13,0,4
pinot-minion/pinot-core,com.linkedin.pinot.core.segment.index.loader.columnminmaxvalue,ColumnMinMaxValueGeneratorMode,0,61,0,0,0,6,0,4,0,4
pinot-minion/pinot-core,com.linkedin.pinot.core.query.selection.iterator,FloatSelectionColumnIterator,18,0,0,0,5,0,2,0,2,0
pinot-minion/pinot-core,com.linkedin.pinot.core.query.selection.iterator,DoubleArraySelectionColumnIterator,39,0,2,0,8,0,3,0,2,0
pinot-minion/pinot-core,com.linkedin.pinot.core.query.selection.iterator,FloatArraySelectionColumnIterator,39,0,2,0,8,0,3,0,2,0
pinot-minion/pinot-core,com.linkedin.pinot.core.query.selection.iterator,IntArraySelectionColumnIterator,0,39,0,2,0,8,0,3,0,2
pinot-minion/pinot-core,com.linkedin.pinot.core.query.selection.iterator,StringSelectionColumnIterator,17,0,0,0,5,0,2,0,2,0
pinot-minion/pinot-core,com.linkedin.pinot.core.query.selection.iterator,SelectionSingleValueColumnWithDictIterator,0,26,0,0,0,6,0,2,0,2
pinot-minion/pinot-core,com.linkedin.pinot.core.query.selection.iterator,DoubleSelectionColumnIterator,18,0,0,0,5,0,2,0,2,0
pinot-minion/pinot-core,com.linkedin.pinot.core.query.selection.iterator,LongArraySelectionColumnIterator,39,0,2,0,8,0,3,0,2,0
pinot-minion/pinot-core,com.linkedin.pinot.core.query.selection.iterator,LongSelectionColumnIterator,18,0,0,0,5,0,2,0,2,0
pinot-minion/pinot-core,com.linkedin.pinot.core.query.selection.iterator,IntSelectionColumnIterator,18,0,0,0,5,0,2,0,2,0
pinot-minion/pinot-core,com.linkedin.pinot.core.query.selection.iterator,SelectionMultiValueColumnIterator,0,20,0,0,0,5,0,1,0,1
pinot-minion/pinot-core,com.linkedin.pinot.core.query.selection.iterator,StringArraySelectionColumnIterator,38,0,2,0,8,0,3,0,2,0
pinot-minion/pinot-core,com.linkedin.pinot.core.segment.memory,PinotLByteBuffer,811,0,32,0,152,0,73,0,57,0
pinot-minion/pinot-core,com.linkedin.pinot.core.segment.memory,PinotByteBuffer,218,535,24,26,29,99,40,34,20,29
pinot-minion/pinot-core,com.linkedin.pinot.core.segment.memory,PinotDataBuffer,31,70,6,8,5,16,6,9,0,8
pinot-minion/pinot-core,com.linkedin.pinot.core.segment.index,SegmentMetadataImpl,213,997,24,60,47,212,28,57,8,35
pinot-minion/pinot-core,com.linkedin.pinot.core.segment.index,ColumnMetadata.new Object() {...},10,73,0,0,0,3,0,1,0,1
pinot-minion/pinot-core,com.linkedin.pinot.core.segment.index,IndexSegmentImpl,114,130,5,7,22,36,6,13,3,10
pinot-minion/pinot-core,com.linkedin.pinot.core.segment.index,ColumnMetadata,192,572,13,22,35,135,12,43,1,33
pinot-minion/pinot-core,com.linkedin.pinot.core.segment.index,SegmentMetadataImpl.new Object() {...},1,11,0,0,0,1,0,1,0,1
pinot-minion/pinot-core,com.linkedin.pinot.core.segment.index,ColumnMetadata.Builder,10,211,0,0,4,59,2,30,2,30
pinot-minion/pinot-core,com.linkedin.pinot.core.segment.index,IndexSegmentImpl.new Iterator() {...},99,0,6,0,16,0,7,0,4,0
pinot-minion/pinot-core,com.linkedin.pinot.core.indexsegment.columnar,ColumnarSegmentLoader,8,9,0,0,3,2,2,2,2,2
pinot-minion/pinot-core,com.linkedin.pinot.core.startree,OffHeapStarTree,161,253,23,15,25,49,17,10,2,6
pinot-minion/pinot-core,com.linkedin.pinot.core.startree,OffHeapStarTreeBuilder,497,2089,79,149,54,418,55,97,3,35
pinot-minion/pinot-core,com.linkedin.pinot.core.startree,MetricBuffer.new Object() {...},5,35,0,0,0,1,0,1,0,1
pinot-minion/pinot-core,com.linkedin.pinot.core.startree,MetricBuffer,260,196,21,17,41,39,20,12,2,5
pinot-minion/pinot-core,com.linkedin.pinot.core.startree,OffHeapStarTreeBuilder.new Iterator() {...},4,106,0,6,1,21,1,6,1,3
pinot-minion/pinot-core,com.linkedin.pinot.core.startree,OffHeapStarTreeBuilder.new Comparator() {...},0,24,0,0,0,2,0,2,0,2
pinot-minion/pinot-core,com.linkedin.pinot.core.startree,OffHeapStarTreeBuilder.new Comparator() {...},0,12,0,0,0,2,0,2,0,2
pinot-minion/pinot-core,com.linkedin.pinot.core.startree,OffHeapStarTreeBuilder.new Iterator() {...},4,62,0,2,1,10,1,4,1,3
pinot-minion/pinot-core,com.linkedin.pinot.core.startree,StarTreeBuilderConfig,0,59,0,0,0,26,0,17,0,17
pinot-minion/pinot-core,com.linkedin.pinot.core.startree,StarTreeDataTable,12,337,0,18,0,68,0,16,0,7
pinot-minion/pinot-core,com.linkedin.pinot.core.startree,DimensionBuffer,33,74,2,4,7,18,2,9,1,7
pinot-minion/pinot-core,com.linkedin.pinot.core.startree,StarTreeDataTable.new Iterator() {...},4,70,0,2,1,9,1,4,1,3
pinot-minion/pinot-core,com.linkedin.pinot.core.startree,StarTreeDataTable.new IntComparator() {...},4,102,0,4,1,11,1,4,1,2
pinot-minion/pinot-core,com.linkedin.pinot.core.startree,StarTreeDataTable.new Swapper() {...},0,28,0,0,0,5,0,2,0,2
pinot-minion/pinot-core,com.linkedin.pinot.core.startree,OffHeapStarTreeNode,54,141,10,8,17,33,8,12,1,10
pinot-minion/pinot-core,com.linkedin.pinot.core.startree,OffHeapStarTreeBuilder.TreeNode,0,12,0,0,0,4,0,1,0,1
pinot-minion/pinot-core,com.linkedin.pinot.core.startree,OffHeapStarTreeNode.new Iterator() {...},4,39,0,2,1,5,1,4,1,3
pinot-minion/pinot-core,com.linkedin.pinot.core.operator.transform.function.time.converter,CustomTimeUnitConverter,24,138,6,16,2,25,6,10,0,3
pinot-minion/pinot-core,com.linkedin.pinot.core.operator.transform.function.time.converter,TimeConverterFactory,3,17,0,2,2,4,1,2,1,1
pinot-minion/pinot-core,com.linkedin.pinot.core.operator.transform.function.time.converter,CustomTimeUnitConverter.CustomTimeUnit,0,48,0,0,0,4,0,4,0,4
pinot-minion/pinot-core,com.linkedin.pinot.core.operator.transform.function.time.converter,CustomTimeUnitConverter.new Object() {...},3,23,0,0,0,1,0,1,0,1
pinot-minion/pinot-core,com.linkedin.pinot.core.operator.transform.function.time.converter,JavaTimeUnitConverter,0,25,0,2,0,6,0,3,0,2
pinot-minion/pinot-core,com.linkedin.pinot.core.data,GenericRow.new TypeReference() {...},0,3,0,0,0,1,0,1,0,1
pinot-minion/pinot-core,com.linkedin.pinot.core.data,GenericRow,104,70,7,3,24,18,9,10,5,9
pinot-minion/pinot-core,com.linkedin.pinot.core.segment.creator,ForwardIndexType,9,19,0,0,0,2,2,2,2,2
pinot-minion/pinot-core,com.linkedin.pinot.core.segment.creator,RecordReaderSegmentCreationDataSource,16,56,0,2,7,17,0,5,0,4
pinot-minion/pinot-core,com.linkedin.pinot.core.segment.creator,StatsCollectorConfig,0,53,0,6,0,13,0,8,0,5
pinot-minion/pinot-core,com.linkedin.pinot.core.segment.creator,SegmentIndexCreationInfo,3,56,0,0,1,24,1,16,1,16
pinot-minion/pinot-core,com.linkedin.pinot.core.segment.creator,InvertedIndexType,9,39,0,0,0,2,2,2,2,2
pinot-minion/pinot-core,com.linkedin.pinot.core.segment.creator,BaseSingleValueRawIndexCreator,28,3,0,0,7,1,7,1,7,1
pinot-minion/pinot-core,com.linkedin.pinot.core.segment.creator,ColumnIndexCreationInfo,12,100,1,1,5,34,4,16,3,16
pinot-minion/pinot-core,com.linkedin.pinot.core.io.reader,BaseSingleColumnSingleValueReader,61,3,0,0,15,1,15,1,15,1
pinot-minion/pinot-core,com.linkedin.pinot.core.io.reader,BaseSingleColumnMultiValueReader,40,3,0,0,10,1,10,1,10,1
pinot-minion/pinot-core,com.linkedin.pinot.core.query.selection.comparator,DocIdDoubleValComparator,40,0,2,0,11,0,3,0,2,0
pinot-minion/pinot-core,com.linkedin.pinot.core.query.selection.comparator,DocIdIntValComparator,0,40,1,1,0,11,1,2,0,2
pinot-minion/pinot-core,com.linkedin.pinot.core.query.selection.comparator,CompositeDocIdValComparator.new Object() {...},33,0,0,0,1,0,1,0,1,0
pinot-minion/pinot-core,com.linkedin.pinot.core.query.selection.comparator,DocIdLongValComparator,40,0,2,0,11,0,3,0,2,0
pinot-minion/pinot-core,com.linkedin.pinot.core.query.selection.comparator,CompositeDocIdValComparator,84,91,8,9,12,18,7,5,0,2
pinot-minion/pinot-core,com.linkedin.pinot.core.query.selection.comparator,DocIdFloatValComparator,40,0,2,0,11,0,3,0,2,0
pinot-minion/pinot-core,com.linkedin.pinot.core.query.exception,BadQueryRequestException,8,0,0,0,4,0,2,0,2,0
pinot-minion/pinot-core,com.linkedin.pinot.core.segment,DefaultSegmentNameGenerator,42,209,2,16,2,37,2,14,0,7
pinot-minion/pinot-core,com.linkedin.pinot.core.query.aggregation.function,PercentileEstMVAggregationFunction,12,218,1,24,1,43,1,19,0,6
pinot-minion/pinot-core,com.linkedin.pinot.core.query.aggregation.function,AggregationFunctionFactory.new Object() {...},62,377,0,0,0,1,0,1,0,1
pinot-minion/pinot-core,com.linkedin.pinot.core.query.aggregation.function,DistinctCountAggregationFunction.new Object() {...},5,35,0,0,0,1,0,1,0,1
pinot-minion/pinot-core,com.linkedin.pinot.core.query.aggregation.function,FastHLLMVAggregationFunction,224,0,20,0,43,0,17,0,7,0
pinot-minion/pinot-core,com.linkedin.pinot.core.query.aggregation.function,CountAggregationFunction,2,119,0,6,1,23,1,18,1,15
pinot-minion/pinot-core,com.linkedin.pinot.core.query.aggregation.function,DistinctCountHLLMVAggregationFunction,613,225,71,21,76,41,43,17,0,8
pinot-minion/pinot-core,com.linkedin.pinot.core.query.aggregation.function,MinMVAggregationFunction,0,179,0,20,0,31,0,17,0,7
pinot-minion/pinot-core,com.linkedin.pinot.core.query.aggregation.function,CountMVAggregationFunction,0,123,0,8,0,21,0,11,0,7
pinot-minion/pinot-core,com.linkedin.pinot.core.query.aggregation.function,SumAggregationFunction,0,156,0,8,0,31,0,20,0,16
pinot-minion/pinot-core,com.linkedin.pinot.core.query.aggregation.function,PercentileMVAggregationFunction,12,215,1,24,1,43,1,19,0,6
pinot-minion/pinot-core,com.linkedin.pinot.core.query.aggregation.function,FastHLLAggregationFunction,99,149,8,10,22,41,7,19,2,15
pinot-minion/pinot-core,com.linkedin.pinot.core.query.aggregation.function,AggregationFunctionVisitorBase,52,44,0,0,26,22,13,12,13,12
pinot-minion/pinot-core,com.linkedin.pinot.core.query.aggregation.function,AggregationFunctionUtils,3,138,1,15,2,26,2,11,1,4
pinot-minion/pinot-core,com.linkedin.pinot.core.query.aggregation.function,DistinctCountHLLAggregationFunction,407,166,48,12,69,44,35,19,3,15
pinot-minion/pinot-core,com.linkedin.pinot.core.query.aggregation.function,MaxMVAggregationFunction,0,179,0,20,0,31,0,17,0,7
pinot-minion/pinot-core,com.linkedin.pinot.core.query.aggregation.function,DistinctCountAggregationFunction,388,164,46,12,70,44,33,20,2,16
pinot-minion/pinot-core,com.linkedin.pinot.core.query.aggregation.function,AvgMVAggregationFunction,0,169,0,12,0,30,0,14,0,8
pinot-minion/pinot-core,com.linkedin.pinot.core.query.aggregation.function,MinMaxRangeAggregationFunction,55,171,6,14,9,44,6,22,2,16
pinot-minion/pinot-core,com.linkedin.pinot.core.query.aggregation.function,DistinctCountHLLAggregationFunction.new Object() {...},5,35,0,0,0,1,0,1,0,1
pinot-minion/pinot-core,com.linkedin.pinot.core.query.aggregation.function,PercentileEstAggregationFunction,79,165,9,14,14,45,8,20,2,13
pinot-minion/pinot-core,com.linkedin.pinot.core.query.aggregation.function,DistinctCountHLLMVAggregationFunction.new Object() {...},5,35,0,0,0,1,0,1,0,1
pinot-minion/pinot-core,com.linkedin.pinot.core.query.aggregation.function,MaxAggregationFunction,4,165,1,15,2,36,2,22,1,15
pinot-minion/pinot-core,com.linkedin.pinot.core.query.aggregation.function,AggregationFunctionFactory,164,158,30,33,34,36,31,33,1,1
pinot-minion/pinot-core,com.linkedin.pinot.core.query.aggregation.function,PercentileAggregationFunction,79,175,10,15,15,48,9,20,2,13
pinot-minion/pinot-core,com.linkedin.pinot.core.query.aggregation.function,SumMVAggregationFunction,0,173,0,14,0,28,0,14,0,7
pinot-minion/pinot-core,com.linkedin.pinot.core.query.aggregation.function,DistinctCountMVAggregationFunction,596,220,71,21,73,41,43,17,0,8
pinot-minion/pinot-core,com.linkedin.pinot.core.query.aggregation.function,AggregationFunctionFactory.AggregationFunctionType,0,730,0,4,0,71,0,8,0,6
pinot-minion/pinot-core,com.linkedin.pinot.core.query.aggregation.function,AvgAggregationFunction,17,206,3,15,4,46,4,23,1,17
pinot-minion/pinot-core,com.linkedin.pinot.core.query.aggregation.function,MinMaxRangeMVAggregationFunction,0,177,1,19,0,35,1,17,0,8
pinot-minion/pinot-core,com.linkedin.pinot.core.query.aggregation.function,DistinctCountMVAggregationFunction.new Object() {...},5,35,0,0,0,1,0,1,0,1
pinot-minion/pinot-core,com.linkedin.pinot.core.query.aggregation.function,MinAggregationFunction,4,166,1,15,2,36,2,22,1,15
